1,manager0,co1,0,managerUser0,managerPass0,cedula,0,masculino,managerEmail1,bogota,0,1,0
2,manager1,co1,1,managerUser1,managerPass1,cedula,1,masculino,managerEmail1,bogota,1,1,0
3,manager2,co1,2,managerUser2,managerPass2,cedula,2,masculino,managerEmail1,bogota,2,1,0
4,manager3,co1,3,managerUser3,managerPass3,cedula,3,masculino,managerEmail1,bogota,3,1,0
5,manager4,co1,4,managerUser4,managerPass4,cedula,4,masculino,managerEmail1,bogota,4,1,0
6,manager5,co1,5,managerUser5,managerPass5,cedula,5,masculino,managerEmail1,bogota,5,1,0
7,manager6,co1,6,managerUser6,managerPass6,cedula,6,masculino,managerEmail1,bogota,6,1,0
8,manager7,co1,7,managerUser7,managerPass7,cedula,7,masculino,managerEmail1,bogota,7,1,0
9,manager8,co1,8,managerUser8,managerPass8,cedula,8,masculino,managerEmail1,bogota,8,1,0
10,manager9,co1,9,managerUser9,managerPass9,cedula,9,masculino,managerEmail1,bogota,9,1,0
