1,cesar,solano,22,rhino,1234,Cedula,-1,masculino,csolanoc@unal.edu.co,bogota,-1,0,1
2,usuario10,apellido10,10,user10,pass10,cedula,10,femenino,email10,bogota,10,0,0
3,usuario11,apellido11,11,user11,pass11,cedula,11,femenino,email11,bogota,11,0,0
4,usuario12,apellido12,12,user12,pass12,cedula,12,femenino,email12,bogota,12,0,0
5,usuario13,apellido13,13,user13,pass13,cedula,13,femenino,email13,bogota,13,0,0
6,usuario14,apellido14,14,user14,pass14,cedula,14,femenino,email14,bogota,14,0,0
7,usuario15,apellido15,15,user15,pass15,cedula,15,femenino,email15,bogota,15,0,0
8,usuario16,apellido16,16,user16,pass16,cedula,16,femenino,email16,bogota,16,0,0
9,usuario17,apellido17,17,user17,pass17,cedula,17,femenino,email17,bogota,17,0,0
10,usuario18,apellido18,18,user18,pass18,cedula,18,femenino,email18,bogota,18,0,0
11,usuario19,apellido19,19,user19,pass19,cedula,19,femenino,email19,bogota,19,0,0
12,usuario20,apellido20,20,user20,pass20,cedula,20,femenino,email20,bogota,20,0,0
13,usuario21,apellido21,21,user21,pass21,cedula,21,femenino,email21,bogota,21,0,0
14,usuario22,apellido22,22,user22,pass22,cedula,22,femenino,email22,bogota,22,0,0
15,usuario23,apellido23,23,user23,pass23,cedula,23,femenino,email23,bogota,23,0,0
16,usuario24,apellido24,24,user24,pass24,cedula,24,femenino,email24,bogota,24,0,0
17,usuario25,apellido25,25,user25,pass25,cedula,25,femenino,email25,bogota,25,0,0
18,usuario26,apellido26,26,user26,pass26,cedula,26,femenino,email26,bogota,26,0,0
19,usuario27,apellido27,27,user27,pass27,cedula,27,femenino,email27,bogota,27,0,0
20,usuario28,apellido28,28,user28,pass28,cedula,28,femenino,email28,bogota,28,0,0
21,usuario29,apellido29,29,user29,pass29,cedula,29,femenino,email29,bogota,29,0,0
22,usuario30,apellido30,30,user30,pass30,cedula,30,femenino,email30,bogota,30,0,0
23,usuario31,apellido31,31,user31,pass31,cedula,31,femenino,email31,bogota,31,0,0
24,usuario32,apellido32,32,user32,pass32,cedula,32,femenino,email32,bogota,32,0,0
25,usuario33,apellido33,33,user33,pass33,cedula,33,femenino,email33,bogota,33,0,0
26,usuario34,apellido34,34,user34,pass34,cedula,34,femenino,email34,bogota,34,0,0
27,usuario35,apellido35,35,user35,pass35,cedula,35,femenino,email35,bogota,35,0,0
28,usuario36,apellido36,36,user36,pass36,cedula,36,femenino,email36,bogota,36,0,0
29,usuario37,apellido37,37,user37,pass37,cedula,37,femenino,email37,bogota,37,0,0
30,usuario38,apellido38,38,user38,pass38,cedula,38,femenino,email38,bogota,38,0,0
31,usuario39,apellido39,39,user39,pass39,cedula,39,femenino,email39,bogota,39,0,0
32,usuario40,apellido40,40,user40,pass40,cedula,40,femenino,email40,bogota,40,0,0
33,usuario41,apellido41,41,user41,pass41,cedula,41,femenino,email41,bogota,41,0,0
34,usuario42,apellido42,42,user42,pass42,cedula,42,femenino,email42,bogota,42,0,0
35,usuario43,apellido43,43,user43,pass43,cedula,43,femenino,email43,bogota,43,0,0
36,usuario44,apellido44,44,user44,pass44,cedula,44,femenino,email44,bogota,44,0,0
37,usuario45,apellido45,45,user45,pass45,cedula,45,femenino,email45,bogota,45,0,0
38,usuario46,apellido46,46,user46,pass46,cedula,46,femenino,email46,bogota,46,0,0
39,usuario47,apellido47,47,user47,pass47,cedula,47,femenino,email47,bogota,47,0,0
40,usuario48,apellido48,48,user48,pass48,cedula,48,femenino,email48,bogota,48,0,0
41,usuario49,apellido49,49,user49,pass49,cedula,49,femenino,email49,bogota,49,0,0
42,usuario50,apellido50,50,user50,pass50,cedula,50,femenino,email50,bogota,50,0,0
43,usuario51,apellido51,51,user51,pass51,cedula,51,femenino,email51,bogota,51,0,0
44,usuario52,apellido52,52,user52,pass52,cedula,52,femenino,email52,bogota,52,0,0
45,usuario53,apellido53,53,user53,pass53,cedula,53,femenino,email53,bogota,53,0,0
46,usuario54,apellido54,54,user54,pass54,cedula,54,femenino,email54,bogota,54,0,0
47,usuario55,apellido55,55,user55,pass55,cedula,55,femenino,email55,bogota,55,0,0
48,usuario56,apellido56,56,user56,pass56,cedula,56,femenino,email56,bogota,56,0,0
49,usuario57,apellido57,57,user57,pass57,cedula,57,femenino,email57,bogota,57,0,0
50,usuario58,apellido58,58,user58,pass58,cedula,58,femenino,email58,bogota,58,0,0
51,usuario59,apellido59,59,user59,pass59,cedula,59,femenino,email59,bogota,59,0,0
52,usuario60,apellido60,60,user60,pass60,cedula,60,femenino,email60,bogota,60,0,0
53,usuario61,apellido61,61,user61,pass61,cedula,61,femenino,email61,bogota,61,0,0
54,usuario62,apellido62,62,user62,pass62,cedula,62,femenino,email62,bogota,62,0,0
55,usuario63,apellido63,63,user63,pass63,cedula,63,femenino,email63,bogota,63,0,0
56,usuario64,apellido64,64,user64,pass64,cedula,64,femenino,email64,bogota,64,0,0
57,usuario65,apellido65,65,user65,pass65,cedula,65,femenino,email65,bogota,65,0,0
58,usuario66,apellido66,66,user66,pass66,cedula,66,femenino,email66,bogota,66,0,0
59,usuario67,apellido67,67,user67,pass67,cedula,67,femenino,email67,bogota,67,0,0
60,usuario68,apellido68,68,user68,pass68,cedula,68,femenino,email68,bogota,68,0,0
61,usuario69,apellido69,69,user69,pass69,cedula,69,femenino,email69,bogota,69,0,0
62,usuario70,apellido70,70,user70,pass70,cedula,70,femenino,email70,bogota,70,0,0
63,usuario71,apellido71,71,user71,pass71,cedula,71,femenino,email71,bogota,71,0,0
64,usuario72,apellido72,72,user72,pass72,cedula,72,femenino,email72,bogota,72,0,0
65,usuario73,apellido73,73,user73,pass73,cedula,73,femenino,email73,bogota,73,0,0
66,usuario74,apellido74,74,user74,pass74,cedula,74,femenino,email74,bogota,74,0,0
67,usuario75,apellido75,75,user75,pass75,cedula,75,femenino,email75,bogota,75,0,0
68,usuario76,apellido76,76,user76,pass76,cedula,76,femenino,email76,bogota,76,0,0
69,usuario77,apellido77,77,user77,pass77,cedula,77,femenino,email77,bogota,77,0,0
70,usuario78,apellido78,78,user78,pass78,cedula,78,femenino,email78,bogota,78,0,0
71,usuario79,apellido79,79,user79,pass79,cedula,79,femenino,email79,bogota,79,0,0
72,usuario80,apellido80,80,user80,pass80,cedula,80,femenino,email80,bogota,80,0,0
73,usuario81,apellido81,81,user81,pass81,cedula,81,femenino,email81,bogota,81,0,0
74,usuario82,apellido82,82,user82,pass82,cedula,82,femenino,email82,bogota,82,0,0
75,usuario83,apellido83,83,user83,pass83,cedula,83,femenino,email83,bogota,83,0,0
76,usuario84,apellido84,84,user84,pass84,cedula,84,femenino,email84,bogota,84,0,0
77,usuario85,apellido85,85,user85,pass85,cedula,85,femenino,email85,bogota,85,0,0
78,usuario86,apellido86,86,user86,pass86,cedula,86,femenino,email86,bogota,86,0,0
79,usuario87,apellido87,87,user87,pass87,cedula,87,femenino,email87,bogota,87,0,0
80,usuario88,apellido88,88,user88,pass88,cedula,88,femenino,email88,bogota,88,0,0
81,usuario89,apellido89,89,user89,pass89,cedula,89,femenino,email89,bogota,89,0,0
82,usuario90,apellido90,90,user90,pass90,cedula,90,femenino,email90,bogota,90,0,0
83,usuario91,apellido91,91,user91,pass91,cedula,91,femenino,email91,bogota,91,0,0
84,usuario92,apellido92,92,user92,pass92,cedula,92,femenino,email92,bogota,92,0,0
85,usuario93,apellido93,93,user93,pass93,cedula,93,femenino,email93,bogota,93,0,0
86,usuario94,apellido94,94,user94,pass94,cedula,94,femenino,email94,bogota,94,0,0
87,usuario95,apellido95,95,user95,pass95,cedula,95,femenino,email95,bogota,95,0,0
88,usuario96,apellido96,96,user96,pass96,cedula,96,femenino,email96,bogota,96,0,0
89,usuario97,apellido97,97,user97,pass97,cedula,97,femenino,email97,bogota,97,0,0
90,usuario98,apellido98,98,user98,pass98,cedula,98,femenino,email98,bogota,98,0,0
91,usuario99,apellido99,99,user99,pass99,cedula,99,femenino,email99,bogota,99,0,0
92,usuario100,apellido100,100,user100,pass100,cedula,100,femenino,email100,bogota,100,0,0
93,usuario101,apellido101,101,user101,pass101,cedula,101,femenino,email101,bogota,101,0,0
94,usuario102,apellido102,102,user102,pass102,cedula,102,femenino,email102,bogota,102,0,0
95,usuario103,apellido103,103,user103,pass103,cedula,103,femenino,email103,bogota,103,0,0
96,usuario104,apellido104,104,user104,pass104,cedula,104,femenino,email104,bogota,104,0,0
97,usuario105,apellido105,105,user105,pass105,cedula,105,femenino,email105,bogota,105,0,0
98,usuario106,apellido106,106,user106,pass106,cedula,106,femenino,email106,bogota,106,0,0
99,usuario107,apellido107,107,user107,pass107,cedula,107,femenino,email107,bogota,107,0,0
100,usuario108,apellido108,108,user108,pass108,cedula,108,femenino,email108,bogota,108,0,0
101,usuario109,apellido109,109,user109,pass109,cedula,109,femenino,email109,bogota,109,0,0
102,usuario110,apellido110,110,user110,pass110,cedula,110,femenino,email110,bogota,110,0,0
103,usuario111,apellido111,111,user111,pass111,cedula,111,femenino,email111,bogota,111,0,0
104,usuario112,apellido112,112,user112,pass112,cedula,112,femenino,email112,bogota,112,0,0
105,usuario113,apellido113,113,user113,pass113,cedula,113,femenino,email113,bogota,113,0,0
106,usuario114,apellido114,114,user114,pass114,cedula,114,femenino,email114,bogota,114,0,0
107,usuario115,apellido115,115,user115,pass115,cedula,115,femenino,email115,bogota,115,0,0
108,usuario116,apellido116,116,user116,pass116,cedula,116,femenino,email116,bogota,116,0,0
109,usuario117,apellido117,117,user117,pass117,cedula,117,femenino,email117,bogota,117,0,0
110,usuario118,apellido118,118,user118,pass118,cedula,118,femenino,email118,bogota,118,0,0
111,usuario119,apellido119,119,user119,pass119,cedula,119,femenino,email119,bogota,119,0,0
112,usuario120,apellido120,120,user120,pass120,cedula,120,femenino,email120,bogota,120,0,0
113,usuario121,apellido121,121,user121,pass121,cedula,121,femenino,email121,bogota,121,0,0
114,usuario122,apellido122,122,user122,pass122,cedula,122,femenino,email122,bogota,122,0,0
115,usuario123,apellido123,123,user123,pass123,cedula,123,femenino,email123,bogota,123,0,0
116,usuario124,apellido124,124,user124,pass124,cedula,124,femenino,email124,bogota,124,0,0
117,usuario125,apellido125,125,user125,pass125,cedula,125,femenino,email125,bogota,125,0,0
118,usuario126,apellido126,126,user126,pass126,cedula,126,femenino,email126,bogota,126,0,0
119,usuario127,apellido127,127,user127,pass127,cedula,127,femenino,email127,bogota,127,0,0
120,usuario128,apellido128,128,user128,pass128,cedula,128,femenino,email128,bogota,128,0,0
121,usuario129,apellido129,129,user129,pass129,cedula,129,femenino,email129,bogota,129,0,0
122,usuario130,apellido130,130,user130,pass130,cedula,130,femenino,email130,bogota,130,0,0
123,usuario131,apellido131,131,user131,pass131,cedula,131,femenino,email131,bogota,131,0,0
124,usuario132,apellido132,132,user132,pass132,cedula,132,femenino,email132,bogota,132,0,0
125,usuario133,apellido133,133,user133,pass133,cedula,133,femenino,email133,bogota,133,0,0
126,usuario134,apellido134,134,user134,pass134,cedula,134,femenino,email134,bogota,134,0,0
127,usuario135,apellido135,135,user135,pass135,cedula,135,femenino,email135,bogota,135,0,0
128,usuario136,apellido136,136,user136,pass136,cedula,136,femenino,email136,bogota,136,0,0
129,usuario137,apellido137,137,user137,pass137,cedula,137,femenino,email137,bogota,137,0,0
130,usuario138,apellido138,138,user138,pass138,cedula,138,femenino,email138,bogota,138,0,0
131,usuario139,apellido139,139,user139,pass139,cedula,139,femenino,email139,bogota,139,0,0
132,usuario140,apellido140,140,user140,pass140,cedula,140,femenino,email140,bogota,140,0,0
133,usuario141,apellido141,141,user141,pass141,cedula,141,femenino,email141,bogota,141,0,0
134,usuario142,apellido142,142,user142,pass142,cedula,142,femenino,email142,bogota,142,0,0
135,usuario143,apellido143,143,user143,pass143,cedula,143,femenino,email143,bogota,143,0,0
136,usuario144,apellido144,144,user144,pass144,cedula,144,femenino,email144,bogota,144,0,0
137,usuario145,apellido145,145,user145,pass145,cedula,145,femenino,email145,bogota,145,0,0
138,usuario146,apellido146,146,user146,pass146,cedula,146,femenino,email146,bogota,146,0,0
139,usuario147,apellido147,147,user147,pass147,cedula,147,femenino,email147,bogota,147,0,0
140,usuario148,apellido148,148,user148,pass148,cedula,148,femenino,email148,bogota,148,0,0
141,usuario149,apellido149,149,user149,pass149,cedula,149,femenino,email149,bogota,149,0,0
142,usuario150,apellido150,150,user150,pass150,cedula,150,femenino,email150,bogota,150,0,0
143,usuario151,apellido151,151,user151,pass151,cedula,151,femenino,email151,bogota,151,0,0
144,usuario152,apellido152,152,user152,pass152,cedula,152,femenino,email152,bogota,152,0,0
145,usuario153,apellido153,153,user153,pass153,cedula,153,femenino,email153,bogota,153,0,0
146,usuario154,apellido154,154,user154,pass154,cedula,154,femenino,email154,bogota,154,0,0
147,usuario155,apellido155,155,user155,pass155,cedula,155,femenino,email155,bogota,155,0,0
148,usuario156,apellido156,156,user156,pass156,cedula,156,femenino,email156,bogota,156,0,0
149,usuario157,apellido157,157,user157,pass157,cedula,157,femenino,email157,bogota,157,0,0
150,usuario158,apellido158,158,user158,pass158,cedula,158,femenino,email158,bogota,158,0,0
151,usuario159,apellido159,159,user159,pass159,cedula,159,femenino,email159,bogota,159,0,0
152,usuario160,apellido160,160,user160,pass160,cedula,160,femenino,email160,bogota,160,0,0
153,usuario161,apellido161,161,user161,pass161,cedula,161,femenino,email161,bogota,161,0,0
154,usuario162,apellido162,162,user162,pass162,cedula,162,femenino,email162,bogota,162,0,0
155,usuario163,apellido163,163,user163,pass163,cedula,163,femenino,email163,bogota,163,0,0
156,usuario164,apellido164,164,user164,pass164,cedula,164,femenino,email164,bogota,164,0,0
157,usuario165,apellido165,165,user165,pass165,cedula,165,femenino,email165,bogota,165,0,0
158,usuario166,apellido166,166,user166,pass166,cedula,166,femenino,email166,bogota,166,0,0
159,usuario167,apellido167,167,user167,pass167,cedula,167,femenino,email167,bogota,167,0,0
160,usuario168,apellido168,168,user168,pass168,cedula,168,femenino,email168,bogota,168,0,0
161,usuario169,apellido169,169,user169,pass169,cedula,169,femenino,email169,bogota,169,0,0
162,usuario170,apellido170,170,user170,pass170,cedula,170,femenino,email170,bogota,170,0,0
163,usuario171,apellido171,171,user171,pass171,cedula,171,femenino,email171,bogota,171,0,0
164,usuario172,apellido172,172,user172,pass172,cedula,172,femenino,email172,bogota,172,0,0
165,usuario173,apellido173,173,user173,pass173,cedula,173,femenino,email173,bogota,173,0,0
166,usuario174,apellido174,174,user174,pass174,cedula,174,femenino,email174,bogota,174,0,0
167,usuario175,apellido175,175,user175,pass175,cedula,175,femenino,email175,bogota,175,0,0
168,usuario176,apellido176,176,user176,pass176,cedula,176,femenino,email176,bogota,176,0,0
169,usuario177,apellido177,177,user177,pass177,cedula,177,femenino,email177,bogota,177,0,0
170,usuario178,apellido178,178,user178,pass178,cedula,178,femenino,email178,bogota,178,0,0
171,usuario179,apellido179,179,user179,pass179,cedula,179,femenino,email179,bogota,179,0,0
172,usuario180,apellido180,180,user180,pass180,cedula,180,femenino,email180,bogota,180,0,0
173,usuario181,apellido181,181,user181,pass181,cedula,181,femenino,email181,bogota,181,0,0
174,usuario182,apellido182,182,user182,pass182,cedula,182,femenino,email182,bogota,182,0,0
175,usuario183,apellido183,183,user183,pass183,cedula,183,femenino,email183,bogota,183,0,0
176,usuario184,apellido184,184,user184,pass184,cedula,184,femenino,email184,bogota,184,0,0
177,usuario185,apellido185,185,user185,pass185,cedula,185,femenino,email185,bogota,185,0,0
178,usuario186,apellido186,186,user186,pass186,cedula,186,femenino,email186,bogota,186,0,0
179,usuario187,apellido187,187,user187,pass187,cedula,187,femenino,email187,bogota,187,0,0
180,usuario188,apellido188,188,user188,pass188,cedula,188,femenino,email188,bogota,188,0,0
181,usuario189,apellido189,189,user189,pass189,cedula,189,femenino,email189,bogota,189,0,0
182,usuario190,apellido190,190,user190,pass190,cedula,190,femenino,email190,bogota,190,0,0
183,usuario191,apellido191,191,user191,pass191,cedula,191,femenino,email191,bogota,191,0,0
184,usuario192,apellido192,192,user192,pass192,cedula,192,femenino,email192,bogota,192,0,0
185,usuario193,apellido193,193,user193,pass193,cedula,193,femenino,email193,bogota,193,0,0
186,usuario194,apellido194,194,user194,pass194,cedula,194,femenino,email194,bogota,194,0,0
187,usuario195,apellido195,195,user195,pass195,cedula,195,femenino,email195,bogota,195,0,0
188,usuario196,apellido196,196,user196,pass196,cedula,196,femenino,email196,bogota,196,0,0
189,usuario197,apellido197,197,user197,pass197,cedula,197,femenino,email197,bogota,197,0,0
190,usuario198,apellido198,198,user198,pass198,cedula,198,femenino,email198,bogota,198,0,0
191,usuario199,apellido199,199,user199,pass199,cedula,199,femenino,email199,bogota,199,0,0
192,usuario200,apellido200,200,user200,pass200,cedula,200,femenino,email200,bogota,200,0,0
193,usuario201,apellido201,201,user201,pass201,cedula,201,femenino,email201,bogota,201,0,0
194,usuario202,apellido202,202,user202,pass202,cedula,202,femenino,email202,bogota,202,0,0
195,usuario203,apellido203,203,user203,pass203,cedula,203,femenino,email203,bogota,203,0,0
196,usuario204,apellido204,204,user204,pass204,cedula,204,femenino,email204,bogota,204,0,0
197,usuario205,apellido205,205,user205,pass205,cedula,205,femenino,email205,bogota,205,0,0
198,usuario206,apellido206,206,user206,pass206,cedula,206,femenino,email206,bogota,206,0,0
199,usuario207,apellido207,207,user207,pass207,cedula,207,femenino,email207,bogota,207,0,0
200,usuario208,apellido208,208,user208,pass208,cedula,208,femenino,email208,bogota,208,0,0
201,usuario209,apellido209,209,user209,pass209,cedula,209,femenino,email209,bogota,209,0,0
202,usuario210,apellido210,210,user210,pass210,cedula,210,femenino,email210,bogota,210,0,0
203,usuario211,apellido211,211,user211,pass211,cedula,211,femenino,email211,bogota,211,0,0
204,usuario212,apellido212,212,user212,pass212,cedula,212,femenino,email212,bogota,212,0,0
205,usuario213,apellido213,213,user213,pass213,cedula,213,femenino,email213,bogota,213,0,0
206,usuario214,apellido214,214,user214,pass214,cedula,214,femenino,email214,bogota,214,0,0
207,usuario215,apellido215,215,user215,pass215,cedula,215,femenino,email215,bogota,215,0,0
208,usuario216,apellido216,216,user216,pass216,cedula,216,femenino,email216,bogota,216,0,0
209,usuario217,apellido217,217,user217,pass217,cedula,217,femenino,email217,bogota,217,0,0
210,usuario218,apellido218,218,user218,pass218,cedula,218,femenino,email218,bogota,218,0,0
211,usuario219,apellido219,219,user219,pass219,cedula,219,femenino,email219,bogota,219,0,0
212,usuario220,apellido220,220,user220,pass220,cedula,220,femenino,email220,bogota,220,0,0
213,usuario221,apellido221,221,user221,pass221,cedula,221,femenino,email221,bogota,221,0,0
214,usuario222,apellido222,222,user222,pass222,cedula,222,femenino,email222,bogota,222,0,0
215,usuario223,apellido223,223,user223,pass223,cedula,223,femenino,email223,bogota,223,0,0
216,usuario224,apellido224,224,user224,pass224,cedula,224,femenino,email224,bogota,224,0,0
217,usuario225,apellido225,225,user225,pass225,cedula,225,femenino,email225,bogota,225,0,0
218,usuario226,apellido226,226,user226,pass226,cedula,226,femenino,email226,bogota,226,0,0
219,usuario227,apellido227,227,user227,pass227,cedula,227,femenino,email227,bogota,227,0,0
220,usuario228,apellido228,228,user228,pass228,cedula,228,femenino,email228,bogota,228,0,0
221,usuario229,apellido229,229,user229,pass229,cedula,229,femenino,email229,bogota,229,0,0
222,usuario230,apellido230,230,user230,pass230,cedula,230,femenino,email230,bogota,230,0,0
223,usuario231,apellido231,231,user231,pass231,cedula,231,femenino,email231,bogota,231,0,0
224,usuario232,apellido232,232,user232,pass232,cedula,232,femenino,email232,bogota,232,0,0
225,usuario233,apellido233,233,user233,pass233,cedula,233,femenino,email233,bogota,233,0,0
226,usuario234,apellido234,234,user234,pass234,cedula,234,femenino,email234,bogota,234,0,0
227,usuario235,apellido235,235,user235,pass235,cedula,235,femenino,email235,bogota,235,0,0
228,usuario236,apellido236,236,user236,pass236,cedula,236,femenino,email236,bogota,236,0,0
229,usuario237,apellido237,237,user237,pass237,cedula,237,femenino,email237,bogota,237,0,0
230,usuario238,apellido238,238,user238,pass238,cedula,238,femenino,email238,bogota,238,0,0
231,usuario239,apellido239,239,user239,pass239,cedula,239,femenino,email239,bogota,239,0,0
232,usuario240,apellido240,240,user240,pass240,cedula,240,femenino,email240,bogota,240,0,0
233,usuario241,apellido241,241,user241,pass241,cedula,241,femenino,email241,bogota,241,0,0
234,usuario242,apellido242,242,user242,pass242,cedula,242,femenino,email242,bogota,242,0,0
235,usuario243,apellido243,243,user243,pass243,cedula,243,femenino,email243,bogota,243,0,0
236,usuario244,apellido244,244,user244,pass244,cedula,244,femenino,email244,bogota,244,0,0
237,usuario245,apellido245,245,user245,pass245,cedula,245,femenino,email245,bogota,245,0,0
238,usuario246,apellido246,246,user246,pass246,cedula,246,femenino,email246,bogota,246,0,0
239,usuario247,apellido247,247,user247,pass247,cedula,247,femenino,email247,bogota,247,0,0
240,usuario248,apellido248,248,user248,pass248,cedula,248,femenino,email248,bogota,248,0,0
241,usuario249,apellido249,249,user249,pass249,cedula,249,femenino,email249,bogota,249,0,0
242,usuario250,apellido250,250,user250,pass250,cedula,250,femenino,email250,bogota,250,0,0
243,usuario251,apellido251,251,user251,pass251,cedula,251,femenino,email251,bogota,251,0,0
244,usuario252,apellido252,252,user252,pass252,cedula,252,femenino,email252,bogota,252,0,0
245,usuario253,apellido253,253,user253,pass253,cedula,253,femenino,email253,bogota,253,0,0
246,usuario254,apellido254,254,user254,pass254,cedula,254,femenino,email254,bogota,254,0,0
247,usuario255,apellido255,255,user255,pass255,cedula,255,femenino,email255,bogota,255,0,0
248,usuario256,apellido256,256,user256,pass256,cedula,256,femenino,email256,bogota,256,0,0
249,usuario257,apellido257,257,user257,pass257,cedula,257,femenino,email257,bogota,257,0,0
250,usuario258,apellido258,258,user258,pass258,cedula,258,femenino,email258,bogota,258,0,0
251,usuario259,apellido259,259,user259,pass259,cedula,259,femenino,email259,bogota,259,0,0
252,usuario260,apellido260,260,user260,pass260,cedula,260,femenino,email260,bogota,260,0,0
253,usuario261,apellido261,261,user261,pass261,cedula,261,femenino,email261,bogota,261,0,0
254,usuario262,apellido262,262,user262,pass262,cedula,262,femenino,email262,bogota,262,0,0
255,usuario263,apellido263,263,user263,pass263,cedula,263,femenino,email263,bogota,263,0,0
256,usuario264,apellido264,264,user264,pass264,cedula,264,femenino,email264,bogota,264,0,0
257,usuario265,apellido265,265,user265,pass265,cedula,265,femenino,email265,bogota,265,0,0
258,usuario266,apellido266,266,user266,pass266,cedula,266,femenino,email266,bogota,266,0,0
259,usuario267,apellido267,267,user267,pass267,cedula,267,femenino,email267,bogota,267,0,0
260,usuario268,apellido268,268,user268,pass268,cedula,268,femenino,email268,bogota,268,0,0
261,usuario269,apellido269,269,user269,pass269,cedula,269,femenino,email269,bogota,269,0,0
262,usuario270,apellido270,270,user270,pass270,cedula,270,femenino,email270,bogota,270,0,0
263,usuario271,apellido271,271,user271,pass271,cedula,271,femenino,email271,bogota,271,0,0
264,usuario272,apellido272,272,user272,pass272,cedula,272,femenino,email272,bogota,272,0,0
265,usuario273,apellido273,273,user273,pass273,cedula,273,femenino,email273,bogota,273,0,0
266,usuario274,apellido274,274,user274,pass274,cedula,274,femenino,email274,bogota,274,0,0
267,usuario275,apellido275,275,user275,pass275,cedula,275,femenino,email275,bogota,275,0,0
268,usuario276,apellido276,276,user276,pass276,cedula,276,femenino,email276,bogota,276,0,0
269,usuario277,apellido277,277,user277,pass277,cedula,277,femenino,email277,bogota,277,0,0
270,usuario278,apellido278,278,user278,pass278,cedula,278,femenino,email278,bogota,278,0,0
271,usuario279,apellido279,279,user279,pass279,cedula,279,femenino,email279,bogota,279,0,0
272,usuario280,apellido280,280,user280,pass280,cedula,280,femenino,email280,bogota,280,0,0
273,usuario281,apellido281,281,user281,pass281,cedula,281,femenino,email281,bogota,281,0,0
274,usuario282,apellido282,282,user282,pass282,cedula,282,femenino,email282,bogota,282,0,0
275,usuario283,apellido283,283,user283,pass283,cedula,283,femenino,email283,bogota,283,0,0
276,usuario284,apellido284,284,user284,pass284,cedula,284,femenino,email284,bogota,284,0,0
277,usuario285,apellido285,285,user285,pass285,cedula,285,femenino,email285,bogota,285,0,0
278,usuario286,apellido286,286,user286,pass286,cedula,286,femenino,email286,bogota,286,0,0
279,usuario287,apellido287,287,user287,pass287,cedula,287,femenino,email287,bogota,287,0,0
280,usuario288,apellido288,288,user288,pass288,cedula,288,femenino,email288,bogota,288,0,0
281,usuario289,apellido289,289,user289,pass289,cedula,289,femenino,email289,bogota,289,0,0
282,usuario290,apellido290,290,user290,pass290,cedula,290,femenino,email290,bogota,290,0,0
283,usuario291,apellido291,291,user291,pass291,cedula,291,femenino,email291,bogota,291,0,0
284,usuario292,apellido292,292,user292,pass292,cedula,292,femenino,email292,bogota,292,0,0
285,usuario293,apellido293,293,user293,pass293,cedula,293,femenino,email293,bogota,293,0,0
286,usuario294,apellido294,294,user294,pass294,cedula,294,femenino,email294,bogota,294,0,0
287,usuario295,apellido295,295,user295,pass295,cedula,295,femenino,email295,bogota,295,0,0
288,usuario296,apellido296,296,user296,pass296,cedula,296,femenino,email296,bogota,296,0,0
289,usuario297,apellido297,297,user297,pass297,cedula,297,femenino,email297,bogota,297,0,0
290,usuario298,apellido298,298,user298,pass298,cedula,298,femenino,email298,bogota,298,0,0
291,usuario299,apellido299,299,user299,pass299,cedula,299,femenino,email299,bogota,299,0,0
292,usuario300,apellido300,300,user300,pass300,cedula,300,femenino,email300,bogota,300,0,0
293,usuario301,apellido301,301,user301,pass301,cedula,301,femenino,email301,bogota,301,0,0
294,usuario302,apellido302,302,user302,pass302,cedula,302,femenino,email302,bogota,302,0,0
295,usuario303,apellido303,303,user303,pass303,cedula,303,femenino,email303,bogota,303,0,0
296,usuario304,apellido304,304,user304,pass304,cedula,304,femenino,email304,bogota,304,0,0
297,usuario305,apellido305,305,user305,pass305,cedula,305,femenino,email305,bogota,305,0,0
298,usuario306,apellido306,306,user306,pass306,cedula,306,femenino,email306,bogota,306,0,0
299,usuario307,apellido307,307,user307,pass307,cedula,307,femenino,email307,bogota,307,0,0
300,usuario308,apellido308,308,user308,pass308,cedula,308,femenino,email308,bogota,308,0,0
301,usuario309,apellido309,309,user309,pass309,cedula,309,femenino,email309,bogota,309,0,0
302,usuario310,apellido310,310,user310,pass310,cedula,310,femenino,email310,bogota,310,0,0
303,usuario311,apellido311,311,user311,pass311,cedula,311,femenino,email311,bogota,311,0,0
304,usuario312,apellido312,312,user312,pass312,cedula,312,femenino,email312,bogota,312,0,0
305,usuario313,apellido313,313,user313,pass313,cedula,313,femenino,email313,bogota,313,0,0
306,usuario314,apellido314,314,user314,pass314,cedula,314,femenino,email314,bogota,314,0,0
307,usuario315,apellido315,315,user315,pass315,cedula,315,femenino,email315,bogota,315,0,0
308,usuario316,apellido316,316,user316,pass316,cedula,316,femenino,email316,bogota,316,0,0
309,usuario317,apellido317,317,user317,pass317,cedula,317,femenino,email317,bogota,317,0,0
310,usuario318,apellido318,318,user318,pass318,cedula,318,femenino,email318,bogota,318,0,0
311,usuario319,apellido319,319,user319,pass319,cedula,319,femenino,email319,bogota,319,0,0
312,usuario320,apellido320,320,user320,pass320,cedula,320,femenino,email320,bogota,320,0,0
313,usuario321,apellido321,321,user321,pass321,cedula,321,femenino,email321,bogota,321,0,0
314,usuario322,apellido322,322,user322,pass322,cedula,322,femenino,email322,bogota,322,0,0
315,usuario323,apellido323,323,user323,pass323,cedula,323,femenino,email323,bogota,323,0,0
316,usuario324,apellido324,324,user324,pass324,cedula,324,femenino,email324,bogota,324,0,0
317,usuario325,apellido325,325,user325,pass325,cedula,325,femenino,email325,bogota,325,0,0
318,usuario326,apellido326,326,user326,pass326,cedula,326,femenino,email326,bogota,326,0,0
319,usuario327,apellido327,327,user327,pass327,cedula,327,femenino,email327,bogota,327,0,0
320,usuario328,apellido328,328,user328,pass328,cedula,328,femenino,email328,bogota,328,0,0
321,usuario329,apellido329,329,user329,pass329,cedula,329,femenino,email329,bogota,329,0,0
322,usuario330,apellido330,330,user330,pass330,cedula,330,femenino,email330,bogota,330,0,0
323,usuario331,apellido331,331,user331,pass331,cedula,331,femenino,email331,bogota,331,0,0
324,usuario332,apellido332,332,user332,pass332,cedula,332,femenino,email332,bogota,332,0,0
325,usuario333,apellido333,333,user333,pass333,cedula,333,femenino,email333,bogota,333,0,0
326,usuario334,apellido334,334,user334,pass334,cedula,334,femenino,email334,bogota,334,0,0
327,usuario335,apellido335,335,user335,pass335,cedula,335,femenino,email335,bogota,335,0,0
328,usuario336,apellido336,336,user336,pass336,cedula,336,femenino,email336,bogota,336,0,0
329,usuario337,apellido337,337,user337,pass337,cedula,337,femenino,email337,bogota,337,0,0
330,usuario338,apellido338,338,user338,pass338,cedula,338,femenino,email338,bogota,338,0,0
331,usuario339,apellido339,339,user339,pass339,cedula,339,femenino,email339,bogota,339,0,0
332,usuario340,apellido340,340,user340,pass340,cedula,340,femenino,email340,bogota,340,0,0
333,usuario341,apellido341,341,user341,pass341,cedula,341,femenino,email341,bogota,341,0,0
334,usuario342,apellido342,342,user342,pass342,cedula,342,femenino,email342,bogota,342,0,0
335,usuario343,apellido343,343,user343,pass343,cedula,343,femenino,email343,bogota,343,0,0
336,usuario344,apellido344,344,user344,pass344,cedula,344,femenino,email344,bogota,344,0,0
337,usuario345,apellido345,345,user345,pass345,cedula,345,femenino,email345,bogota,345,0,0
338,usuario346,apellido346,346,user346,pass346,cedula,346,femenino,email346,bogota,346,0,0
339,usuario347,apellido347,347,user347,pass347,cedula,347,femenino,email347,bogota,347,0,0
340,usuario348,apellido348,348,user348,pass348,cedula,348,femenino,email348,bogota,348,0,0
341,usuario349,apellido349,349,user349,pass349,cedula,349,femenino,email349,bogota,349,0,0
342,usuario350,apellido350,350,user350,pass350,cedula,350,femenino,email350,bogota,350,0,0
343,usuario351,apellido351,351,user351,pass351,cedula,351,femenino,email351,bogota,351,0,0
344,usuario352,apellido352,352,user352,pass352,cedula,352,femenino,email352,bogota,352,0,0
345,usuario353,apellido353,353,user353,pass353,cedula,353,femenino,email353,bogota,353,0,0
346,usuario354,apellido354,354,user354,pass354,cedula,354,femenino,email354,bogota,354,0,0
347,usuario355,apellido355,355,user355,pass355,cedula,355,femenino,email355,bogota,355,0,0
348,usuario356,apellido356,356,user356,pass356,cedula,356,femenino,email356,bogota,356,0,0
349,usuario357,apellido357,357,user357,pass357,cedula,357,femenino,email357,bogota,357,0,0
350,usuario358,apellido358,358,user358,pass358,cedula,358,femenino,email358,bogota,358,0,0
351,usuario359,apellido359,359,user359,pass359,cedula,359,femenino,email359,bogota,359,0,0
352,usuario360,apellido360,360,user360,pass360,cedula,360,femenino,email360,bogota,360,0,0
353,usuario361,apellido361,361,user361,pass361,cedula,361,femenino,email361,bogota,361,0,0
354,usuario362,apellido362,362,user362,pass362,cedula,362,femenino,email362,bogota,362,0,0
355,usuario363,apellido363,363,user363,pass363,cedula,363,femenino,email363,bogota,363,0,0
356,usuario364,apellido364,364,user364,pass364,cedula,364,femenino,email364,bogota,364,0,0
357,usuario365,apellido365,365,user365,pass365,cedula,365,femenino,email365,bogota,365,0,0
358,usuario366,apellido366,366,user366,pass366,cedula,366,femenino,email366,bogota,366,0,0
359,usuario367,apellido367,367,user367,pass367,cedula,367,femenino,email367,bogota,367,0,0
360,usuario368,apellido368,368,user368,pass368,cedula,368,femenino,email368,bogota,368,0,0
361,usuario369,apellido369,369,user369,pass369,cedula,369,femenino,email369,bogota,369,0,0
362,usuario370,apellido370,370,user370,pass370,cedula,370,femenino,email370,bogota,370,0,0
363,usuario371,apellido371,371,user371,pass371,cedula,371,femenino,email371,bogota,371,0,0
364,usuario372,apellido372,372,user372,pass372,cedula,372,femenino,email372,bogota,372,0,0
365,usuario373,apellido373,373,user373,pass373,cedula,373,femenino,email373,bogota,373,0,0
366,usuario374,apellido374,374,user374,pass374,cedula,374,femenino,email374,bogota,374,0,0
367,usuario375,apellido375,375,user375,pass375,cedula,375,femenino,email375,bogota,375,0,0
368,usuario376,apellido376,376,user376,pass376,cedula,376,femenino,email376,bogota,376,0,0
369,usuario377,apellido377,377,user377,pass377,cedula,377,femenino,email377,bogota,377,0,0
370,usuario378,apellido378,378,user378,pass378,cedula,378,femenino,email378,bogota,378,0,0
371,usuario379,apellido379,379,user379,pass379,cedula,379,femenino,email379,bogota,379,0,0
372,usuario380,apellido380,380,user380,pass380,cedula,380,femenino,email380,bogota,380,0,0
373,usuario381,apellido381,381,user381,pass381,cedula,381,femenino,email381,bogota,381,0,0
374,usuario382,apellido382,382,user382,pass382,cedula,382,femenino,email382,bogota,382,0,0
375,usuario383,apellido383,383,user383,pass383,cedula,383,femenino,email383,bogota,383,0,0
376,usuario384,apellido384,384,user384,pass384,cedula,384,femenino,email384,bogota,384,0,0
377,usuario385,apellido385,385,user385,pass385,cedula,385,femenino,email385,bogota,385,0,0
378,usuario386,apellido386,386,user386,pass386,cedula,386,femenino,email386,bogota,386,0,0
379,usuario387,apellido387,387,user387,pass387,cedula,387,femenino,email387,bogota,387,0,0
380,usuario388,apellido388,388,user388,pass388,cedula,388,femenino,email388,bogota,388,0,0
381,usuario389,apellido389,389,user389,pass389,cedula,389,femenino,email389,bogota,389,0,0
382,usuario390,apellido390,390,user390,pass390,cedula,390,femenino,email390,bogota,390,0,0
383,usuario391,apellido391,391,user391,pass391,cedula,391,femenino,email391,bogota,391,0,0
384,usuario392,apellido392,392,user392,pass392,cedula,392,femenino,email392,bogota,392,0,0
385,usuario393,apellido393,393,user393,pass393,cedula,393,femenino,email393,bogota,393,0,0
386,usuario394,apellido394,394,user394,pass394,cedula,394,femenino,email394,bogota,394,0,0
387,usuario395,apellido395,395,user395,pass395,cedula,395,femenino,email395,bogota,395,0,0
388,usuario396,apellido396,396,user396,pass396,cedula,396,femenino,email396,bogota,396,0,0
389,usuario397,apellido397,397,user397,pass397,cedula,397,femenino,email397,bogota,397,0,0
390,usuario398,apellido398,398,user398,pass398,cedula,398,femenino,email398,bogota,398,0,0
391,usuario399,apellido399,399,user399,pass399,cedula,399,femenino,email399,bogota,399,0,0
392,usuario400,apellido400,400,user400,pass400,cedula,400,femenino,email400,bogota,400,0,0
393,usuario401,apellido401,401,user401,pass401,cedula,401,femenino,email401,bogota,401,0,0
394,usuario402,apellido402,402,user402,pass402,cedula,402,femenino,email402,bogota,402,0,0
395,usuario403,apellido403,403,user403,pass403,cedula,403,femenino,email403,bogota,403,0,0
396,usuario404,apellido404,404,user404,pass404,cedula,404,femenino,email404,bogota,404,0,0
397,usuario405,apellido405,405,user405,pass405,cedula,405,femenino,email405,bogota,405,0,0
398,usuario406,apellido406,406,user406,pass406,cedula,406,femenino,email406,bogota,406,0,0
399,usuario407,apellido407,407,user407,pass407,cedula,407,femenino,email407,bogota,407,0,0
400,usuario408,apellido408,408,user408,pass408,cedula,408,femenino,email408,bogota,408,0,0
401,usuario409,apellido409,409,user409,pass409,cedula,409,femenino,email409,bogota,409,0,0
402,usuario410,apellido410,410,user410,pass410,cedula,410,femenino,email410,bogota,410,0,0
403,usuario411,apellido411,411,user411,pass411,cedula,411,femenino,email411,bogota,411,0,0
404,usuario412,apellido412,412,user412,pass412,cedula,412,femenino,email412,bogota,412,0,0
405,usuario413,apellido413,413,user413,pass413,cedula,413,femenino,email413,bogota,413,0,0
406,usuario414,apellido414,414,user414,pass414,cedula,414,femenino,email414,bogota,414,0,0
407,usuario415,apellido415,415,user415,pass415,cedula,415,femenino,email415,bogota,415,0,0
408,usuario416,apellido416,416,user416,pass416,cedula,416,femenino,email416,bogota,416,0,0
409,usuario417,apellido417,417,user417,pass417,cedula,417,femenino,email417,bogota,417,0,0
410,usuario418,apellido418,418,user418,pass418,cedula,418,femenino,email418,bogota,418,0,0
411,usuario419,apellido419,419,user419,pass419,cedula,419,femenino,email419,bogota,419,0,0
412,usuario420,apellido420,420,user420,pass420,cedula,420,femenino,email420,bogota,420,0,0
413,usuario421,apellido421,421,user421,pass421,cedula,421,femenino,email421,bogota,421,0,0
414,usuario422,apellido422,422,user422,pass422,cedula,422,femenino,email422,bogota,422,0,0
415,usuario423,apellido423,423,user423,pass423,cedula,423,femenino,email423,bogota,423,0,0
416,usuario424,apellido424,424,user424,pass424,cedula,424,femenino,email424,bogota,424,0,0
417,usuario425,apellido425,425,user425,pass425,cedula,425,femenino,email425,bogota,425,0,0
418,usuario426,apellido426,426,user426,pass426,cedula,426,femenino,email426,bogota,426,0,0
419,usuario427,apellido427,427,user427,pass427,cedula,427,femenino,email427,bogota,427,0,0
420,usuario428,apellido428,428,user428,pass428,cedula,428,femenino,email428,bogota,428,0,0
421,usuario429,apellido429,429,user429,pass429,cedula,429,femenino,email429,bogota,429,0,0
422,usuario430,apellido430,430,user430,pass430,cedula,430,femenino,email430,bogota,430,0,0
423,usuario431,apellido431,431,user431,pass431,cedula,431,femenino,email431,bogota,431,0,0
424,usuario432,apellido432,432,user432,pass432,cedula,432,femenino,email432,bogota,432,0,0
425,usuario433,apellido433,433,user433,pass433,cedula,433,femenino,email433,bogota,433,0,0
426,usuario434,apellido434,434,user434,pass434,cedula,434,femenino,email434,bogota,434,0,0
427,usuario435,apellido435,435,user435,pass435,cedula,435,femenino,email435,bogota,435,0,0
428,usuario436,apellido436,436,user436,pass436,cedula,436,femenino,email436,bogota,436,0,0
429,usuario437,apellido437,437,user437,pass437,cedula,437,femenino,email437,bogota,437,0,0
430,usuario438,apellido438,438,user438,pass438,cedula,438,femenino,email438,bogota,438,0,0
431,usuario439,apellido439,439,user439,pass439,cedula,439,femenino,email439,bogota,439,0,0
432,usuario440,apellido440,440,user440,pass440,cedula,440,femenino,email440,bogota,440,0,0
433,usuario441,apellido441,441,user441,pass441,cedula,441,femenino,email441,bogota,441,0,0
434,usuario442,apellido442,442,user442,pass442,cedula,442,femenino,email442,bogota,442,0,0
435,usuario443,apellido443,443,user443,pass443,cedula,443,femenino,email443,bogota,443,0,0
436,usuario444,apellido444,444,user444,pass444,cedula,444,femenino,email444,bogota,444,0,0
437,usuario445,apellido445,445,user445,pass445,cedula,445,femenino,email445,bogota,445,0,0
438,usuario446,apellido446,446,user446,pass446,cedula,446,femenino,email446,bogota,446,0,0
439,usuario447,apellido447,447,user447,pass447,cedula,447,femenino,email447,bogota,447,0,0
440,usuario448,apellido448,448,user448,pass448,cedula,448,femenino,email448,bogota,448,0,0
441,usuario449,apellido449,449,user449,pass449,cedula,449,femenino,email449,bogota,449,0,0
442,usuario450,apellido450,450,user450,pass450,cedula,450,femenino,email450,bogota,450,0,0
443,usuario451,apellido451,451,user451,pass451,cedula,451,femenino,email451,bogota,451,0,0
444,usuario452,apellido452,452,user452,pass452,cedula,452,femenino,email452,bogota,452,0,0
445,usuario453,apellido453,453,user453,pass453,cedula,453,femenino,email453,bogota,453,0,0
446,usuario454,apellido454,454,user454,pass454,cedula,454,femenino,email454,bogota,454,0,0
447,usuario455,apellido455,455,user455,pass455,cedula,455,femenino,email455,bogota,455,0,0
448,usuario456,apellido456,456,user456,pass456,cedula,456,femenino,email456,bogota,456,0,0
449,usuario457,apellido457,457,user457,pass457,cedula,457,femenino,email457,bogota,457,0,0
450,usuario458,apellido458,458,user458,pass458,cedula,458,femenino,email458,bogota,458,0,0
451,usuario459,apellido459,459,user459,pass459,cedula,459,femenino,email459,bogota,459,0,0
452,usuario460,apellido460,460,user460,pass460,cedula,460,femenino,email460,bogota,460,0,0
453,usuario461,apellido461,461,user461,pass461,cedula,461,femenino,email461,bogota,461,0,0
454,usuario462,apellido462,462,user462,pass462,cedula,462,femenino,email462,bogota,462,0,0
455,usuario463,apellido463,463,user463,pass463,cedula,463,femenino,email463,bogota,463,0,0
456,usuario464,apellido464,464,user464,pass464,cedula,464,femenino,email464,bogota,464,0,0
457,usuario465,apellido465,465,user465,pass465,cedula,465,femenino,email465,bogota,465,0,0
458,usuario466,apellido466,466,user466,pass466,cedula,466,femenino,email466,bogota,466,0,0
459,usuario467,apellido467,467,user467,pass467,cedula,467,femenino,email467,bogota,467,0,0
460,usuario468,apellido468,468,user468,pass468,cedula,468,femenino,email468,bogota,468,0,0
461,usuario469,apellido469,469,user469,pass469,cedula,469,femenino,email469,bogota,469,0,0
462,usuario470,apellido470,470,user470,pass470,cedula,470,femenino,email470,bogota,470,0,0
463,usuario471,apellido471,471,user471,pass471,cedula,471,femenino,email471,bogota,471,0,0
464,usuario472,apellido472,472,user472,pass472,cedula,472,femenino,email472,bogota,472,0,0
465,usuario473,apellido473,473,user473,pass473,cedula,473,femenino,email473,bogota,473,0,0
466,usuario474,apellido474,474,user474,pass474,cedula,474,femenino,email474,bogota,474,0,0
467,usuario475,apellido475,475,user475,pass475,cedula,475,femenino,email475,bogota,475,0,0
468,usuario476,apellido476,476,user476,pass476,cedula,476,femenino,email476,bogota,476,0,0
469,usuario477,apellido477,477,user477,pass477,cedula,477,femenino,email477,bogota,477,0,0
470,usuario478,apellido478,478,user478,pass478,cedula,478,femenino,email478,bogota,478,0,0
471,usuario479,apellido479,479,user479,pass479,cedula,479,femenino,email479,bogota,479,0,0
472,usuario480,apellido480,480,user480,pass480,cedula,480,femenino,email480,bogota,480,0,0
473,usuario481,apellido481,481,user481,pass481,cedula,481,femenino,email481,bogota,481,0,0
474,usuario482,apellido482,482,user482,pass482,cedula,482,femenino,email482,bogota,482,0,0
475,usuario483,apellido483,483,user483,pass483,cedula,483,femenino,email483,bogota,483,0,0
476,usuario484,apellido484,484,user484,pass484,cedula,484,femenino,email484,bogota,484,0,0
477,usuario485,apellido485,485,user485,pass485,cedula,485,femenino,email485,bogota,485,0,0
478,usuario486,apellido486,486,user486,pass486,cedula,486,femenino,email486,bogota,486,0,0
479,usuario487,apellido487,487,user487,pass487,cedula,487,femenino,email487,bogota,487,0,0
480,usuario488,apellido488,488,user488,pass488,cedula,488,femenino,email488,bogota,488,0,0
481,usuario489,apellido489,489,user489,pass489,cedula,489,femenino,email489,bogota,489,0,0
482,usuario490,apellido490,490,user490,pass490,cedula,490,femenino,email490,bogota,490,0,0
483,usuario491,apellido491,491,user491,pass491,cedula,491,femenino,email491,bogota,491,0,0
484,usuario492,apellido492,492,user492,pass492,cedula,492,femenino,email492,bogota,492,0,0
485,usuario493,apellido493,493,user493,pass493,cedula,493,femenino,email493,bogota,493,0,0
486,usuario494,apellido494,494,user494,pass494,cedula,494,femenino,email494,bogota,494,0,0
487,usuario495,apellido495,495,user495,pass495,cedula,495,femenino,email495,bogota,495,0,0
488,usuario496,apellido496,496,user496,pass496,cedula,496,femenino,email496,bogota,496,0,0
489,usuario497,apellido497,497,user497,pass497,cedula,497,femenino,email497,bogota,497,0,0
490,usuario498,apellido498,498,user498,pass498,cedula,498,femenino,email498,bogota,498,0,0
491,usuario499,apellido499,499,user499,pass499,cedula,499,femenino,email499,bogota,499,0,0
492,usuario500,apellido500,500,user500,pass500,cedula,500,femenino,email500,bogota,500,0,0
493,usuario501,apellido501,501,user501,pass501,cedula,501,femenino,email501,bogota,501,0,0
494,usuario502,apellido502,502,user502,pass502,cedula,502,femenino,email502,bogota,502,0,0
495,usuario503,apellido503,503,user503,pass503,cedula,503,femenino,email503,bogota,503,0,0
496,usuario504,apellido504,504,user504,pass504,cedula,504,femenino,email504,bogota,504,0,0
497,usuario505,apellido505,505,user505,pass505,cedula,505,femenino,email505,bogota,505,0,0
498,usuario506,apellido506,506,user506,pass506,cedula,506,femenino,email506,bogota,506,0,0
499,usuario507,apellido507,507,user507,pass507,cedula,507,femenino,email507,bogota,507,0,0
500,usuario508,apellido508,508,user508,pass508,cedula,508,femenino,email508,bogota,508,0,0
501,usuario509,apellido509,509,user509,pass509,cedula,509,femenino,email509,bogota,509,0,0
502,usuario510,apellido510,510,user510,pass510,cedula,510,femenino,email510,bogota,510,0,0
503,usuario511,apellido511,511,user511,pass511,cedula,511,femenino,email511,bogota,511,0,0
504,usuario512,apellido512,512,user512,pass512,cedula,512,femenino,email512,bogota,512,0,0
505,usuario513,apellido513,513,user513,pass513,cedula,513,femenino,email513,bogota,513,0,0
506,usuario514,apellido514,514,user514,pass514,cedula,514,femenino,email514,bogota,514,0,0
507,usuario515,apellido515,515,user515,pass515,cedula,515,femenino,email515,bogota,515,0,0
508,usuario516,apellido516,516,user516,pass516,cedula,516,femenino,email516,bogota,516,0,0
509,usuario517,apellido517,517,user517,pass517,cedula,517,femenino,email517,bogota,517,0,0
510,usuario518,apellido518,518,user518,pass518,cedula,518,femenino,email518,bogota,518,0,0
511,usuario519,apellido519,519,user519,pass519,cedula,519,femenino,email519,bogota,519,0,0
512,usuario520,apellido520,520,user520,pass520,cedula,520,femenino,email520,bogota,520,0,0
513,usuario521,apellido521,521,user521,pass521,cedula,521,femenino,email521,bogota,521,0,0
514,usuario522,apellido522,522,user522,pass522,cedula,522,femenino,email522,bogota,522,0,0
515,usuario523,apellido523,523,user523,pass523,cedula,523,femenino,email523,bogota,523,0,0
516,usuario524,apellido524,524,user524,pass524,cedula,524,femenino,email524,bogota,524,0,0
517,usuario525,apellido525,525,user525,pass525,cedula,525,femenino,email525,bogota,525,0,0
518,usuario526,apellido526,526,user526,pass526,cedula,526,femenino,email526,bogota,526,0,0
519,usuario527,apellido527,527,user527,pass527,cedula,527,femenino,email527,bogota,527,0,0
520,usuario528,apellido528,528,user528,pass528,cedula,528,femenino,email528,bogota,528,0,0
521,usuario529,apellido529,529,user529,pass529,cedula,529,femenino,email529,bogota,529,0,0
522,usuario530,apellido530,530,user530,pass530,cedula,530,femenino,email530,bogota,530,0,0
523,usuario531,apellido531,531,user531,pass531,cedula,531,femenino,email531,bogota,531,0,0
524,usuario532,apellido532,532,user532,pass532,cedula,532,femenino,email532,bogota,532,0,0
525,usuario533,apellido533,533,user533,pass533,cedula,533,femenino,email533,bogota,533,0,0
526,usuario534,apellido534,534,user534,pass534,cedula,534,femenino,email534,bogota,534,0,0
527,usuario535,apellido535,535,user535,pass535,cedula,535,femenino,email535,bogota,535,0,0
528,usuario536,apellido536,536,user536,pass536,cedula,536,femenino,email536,bogota,536,0,0
529,usuario537,apellido537,537,user537,pass537,cedula,537,femenino,email537,bogota,537,0,0
530,usuario538,apellido538,538,user538,pass538,cedula,538,femenino,email538,bogota,538,0,0
531,usuario539,apellido539,539,user539,pass539,cedula,539,femenino,email539,bogota,539,0,0
532,usuario540,apellido540,540,user540,pass540,cedula,540,femenino,email540,bogota,540,0,0
533,usuario541,apellido541,541,user541,pass541,cedula,541,femenino,email541,bogota,541,0,0
534,usuario542,apellido542,542,user542,pass542,cedula,542,femenino,email542,bogota,542,0,0
535,usuario543,apellido543,543,user543,pass543,cedula,543,femenino,email543,bogota,543,0,0
536,usuario544,apellido544,544,user544,pass544,cedula,544,femenino,email544,bogota,544,0,0
537,usuario545,apellido545,545,user545,pass545,cedula,545,femenino,email545,bogota,545,0,0
538,usuario546,apellido546,546,user546,pass546,cedula,546,femenino,email546,bogota,546,0,0
539,usuario547,apellido547,547,user547,pass547,cedula,547,femenino,email547,bogota,547,0,0
540,usuario548,apellido548,548,user548,pass548,cedula,548,femenino,email548,bogota,548,0,0
541,usuario549,apellido549,549,user549,pass549,cedula,549,femenino,email549,bogota,549,0,0
542,usuario550,apellido550,550,user550,pass550,cedula,550,femenino,email550,bogota,550,0,0
543,usuario551,apellido551,551,user551,pass551,cedula,551,femenino,email551,bogota,551,0,0
544,usuario552,apellido552,552,user552,pass552,cedula,552,femenino,email552,bogota,552,0,0
545,usuario553,apellido553,553,user553,pass553,cedula,553,femenino,email553,bogota,553,0,0
546,usuario554,apellido554,554,user554,pass554,cedula,554,femenino,email554,bogota,554,0,0
547,usuario555,apellido555,555,user555,pass555,cedula,555,femenino,email555,bogota,555,0,0
548,usuario556,apellido556,556,user556,pass556,cedula,556,femenino,email556,bogota,556,0,0
549,usuario557,apellido557,557,user557,pass557,cedula,557,femenino,email557,bogota,557,0,0
550,usuario558,apellido558,558,user558,pass558,cedula,558,femenino,email558,bogota,558,0,0
551,usuario559,apellido559,559,user559,pass559,cedula,559,femenino,email559,bogota,559,0,0
552,usuario560,apellido560,560,user560,pass560,cedula,560,femenino,email560,bogota,560,0,0
553,usuario561,apellido561,561,user561,pass561,cedula,561,femenino,email561,bogota,561,0,0
554,usuario562,apellido562,562,user562,pass562,cedula,562,femenino,email562,bogota,562,0,0
555,usuario563,apellido563,563,user563,pass563,cedula,563,femenino,email563,bogota,563,0,0
556,usuario564,apellido564,564,user564,pass564,cedula,564,femenino,email564,bogota,564,0,0
557,usuario565,apellido565,565,user565,pass565,cedula,565,femenino,email565,bogota,565,0,0
558,usuario566,apellido566,566,user566,pass566,cedula,566,femenino,email566,bogota,566,0,0
559,usuario567,apellido567,567,user567,pass567,cedula,567,femenino,email567,bogota,567,0,0
560,usuario568,apellido568,568,user568,pass568,cedula,568,femenino,email568,bogota,568,0,0
561,usuario569,apellido569,569,user569,pass569,cedula,569,femenino,email569,bogota,569,0,0
562,usuario570,apellido570,570,user570,pass570,cedula,570,femenino,email570,bogota,570,0,0
563,usuario571,apellido571,571,user571,pass571,cedula,571,femenino,email571,bogota,571,0,0
564,usuario572,apellido572,572,user572,pass572,cedula,572,femenino,email572,bogota,572,0,0
565,usuario573,apellido573,573,user573,pass573,cedula,573,femenino,email573,bogota,573,0,0
566,usuario574,apellido574,574,user574,pass574,cedula,574,femenino,email574,bogota,574,0,0
567,usuario575,apellido575,575,user575,pass575,cedula,575,femenino,email575,bogota,575,0,0
568,usuario576,apellido576,576,user576,pass576,cedula,576,femenino,email576,bogota,576,0,0
569,usuario577,apellido577,577,user577,pass577,cedula,577,femenino,email577,bogota,577,0,0
570,usuario578,apellido578,578,user578,pass578,cedula,578,femenino,email578,bogota,578,0,0
571,usuario579,apellido579,579,user579,pass579,cedula,579,femenino,email579,bogota,579,0,0
572,usuario580,apellido580,580,user580,pass580,cedula,580,femenino,email580,bogota,580,0,0
573,usuario581,apellido581,581,user581,pass581,cedula,581,femenino,email581,bogota,581,0,0
574,usuario582,apellido582,582,user582,pass582,cedula,582,femenino,email582,bogota,582,0,0
575,usuario583,apellido583,583,user583,pass583,cedula,583,femenino,email583,bogota,583,0,0
576,usuario584,apellido584,584,user584,pass584,cedula,584,femenino,email584,bogota,584,0,0
577,usuario585,apellido585,585,user585,pass585,cedula,585,femenino,email585,bogota,585,0,0
578,usuario586,apellido586,586,user586,pass586,cedula,586,femenino,email586,bogota,586,0,0
579,usuario587,apellido587,587,user587,pass587,cedula,587,femenino,email587,bogota,587,0,0
580,usuario588,apellido588,588,user588,pass588,cedula,588,femenino,email588,bogota,588,0,0
581,usuario589,apellido589,589,user589,pass589,cedula,589,femenino,email589,bogota,589,0,0
582,usuario590,apellido590,590,user590,pass590,cedula,590,femenino,email590,bogota,590,0,0
583,usuario591,apellido591,591,user591,pass591,cedula,591,femenino,email591,bogota,591,0,0
584,usuario592,apellido592,592,user592,pass592,cedula,592,femenino,email592,bogota,592,0,0
585,usuario593,apellido593,593,user593,pass593,cedula,593,femenino,email593,bogota,593,0,0
586,usuario594,apellido594,594,user594,pass594,cedula,594,femenino,email594,bogota,594,0,0
587,usuario595,apellido595,595,user595,pass595,cedula,595,femenino,email595,bogota,595,0,0
588,usuario596,apellido596,596,user596,pass596,cedula,596,femenino,email596,bogota,596,0,0
589,usuario597,apellido597,597,user597,pass597,cedula,597,femenino,email597,bogota,597,0,0
590,usuario598,apellido598,598,user598,pass598,cedula,598,femenino,email598,bogota,598,0,0
591,usuario599,apellido599,599,user599,pass599,cedula,599,femenino,email599,bogota,599,0,0
592,usuario600,apellido600,600,user600,pass600,cedula,600,femenino,email600,bogota,600,0,0
593,usuario601,apellido601,601,user601,pass601,cedula,601,femenino,email601,bogota,601,0,0
594,usuario602,apellido602,602,user602,pass602,cedula,602,femenino,email602,bogota,602,0,0
595,usuario603,apellido603,603,user603,pass603,cedula,603,femenino,email603,bogota,603,0,0
596,usuario604,apellido604,604,user604,pass604,cedula,604,femenino,email604,bogota,604,0,0
597,usuario605,apellido605,605,user605,pass605,cedula,605,femenino,email605,bogota,605,0,0
598,usuario606,apellido606,606,user606,pass606,cedula,606,femenino,email606,bogota,606,0,0
599,usuario607,apellido607,607,user607,pass607,cedula,607,femenino,email607,bogota,607,0,0
600,usuario608,apellido608,608,user608,pass608,cedula,608,femenino,email608,bogota,608,0,0
601,usuario609,apellido609,609,user609,pass609,cedula,609,femenino,email609,bogota,609,0,0
602,usuario610,apellido610,610,user610,pass610,cedula,610,femenino,email610,bogota,610,0,0
603,usuario611,apellido611,611,user611,pass611,cedula,611,femenino,email611,bogota,611,0,0
604,usuario612,apellido612,612,user612,pass612,cedula,612,femenino,email612,bogota,612,0,0
605,usuario613,apellido613,613,user613,pass613,cedula,613,femenino,email613,bogota,613,0,0
606,usuario614,apellido614,614,user614,pass614,cedula,614,femenino,email614,bogota,614,0,0
607,usuario615,apellido615,615,user615,pass615,cedula,615,femenino,email615,bogota,615,0,0
608,usuario616,apellido616,616,user616,pass616,cedula,616,femenino,email616,bogota,616,0,0
609,usuario617,apellido617,617,user617,pass617,cedula,617,femenino,email617,bogota,617,0,0
610,usuario618,apellido618,618,user618,pass618,cedula,618,femenino,email618,bogota,618,0,0
611,usuario619,apellido619,619,user619,pass619,cedula,619,femenino,email619,bogota,619,0,0
612,usuario620,apellido620,620,user620,pass620,cedula,620,femenino,email620,bogota,620,0,0
613,usuario621,apellido621,621,user621,pass621,cedula,621,femenino,email621,bogota,621,0,0
614,usuario622,apellido622,622,user622,pass622,cedula,622,femenino,email622,bogota,622,0,0
615,usuario623,apellido623,623,user623,pass623,cedula,623,femenino,email623,bogota,623,0,0
616,usuario624,apellido624,624,user624,pass624,cedula,624,femenino,email624,bogota,624,0,0
617,usuario625,apellido625,625,user625,pass625,cedula,625,femenino,email625,bogota,625,0,0
618,usuario626,apellido626,626,user626,pass626,cedula,626,femenino,email626,bogota,626,0,0
619,usuario627,apellido627,627,user627,pass627,cedula,627,femenino,email627,bogota,627,0,0
620,usuario628,apellido628,628,user628,pass628,cedula,628,femenino,email628,bogota,628,0,0
621,usuario629,apellido629,629,user629,pass629,cedula,629,femenino,email629,bogota,629,0,0
622,usuario630,apellido630,630,user630,pass630,cedula,630,femenino,email630,bogota,630,0,0
623,usuario631,apellido631,631,user631,pass631,cedula,631,femenino,email631,bogota,631,0,0
624,usuario632,apellido632,632,user632,pass632,cedula,632,femenino,email632,bogota,632,0,0
625,usuario633,apellido633,633,user633,pass633,cedula,633,femenino,email633,bogota,633,0,0
626,usuario634,apellido634,634,user634,pass634,cedula,634,femenino,email634,bogota,634,0,0
627,usuario635,apellido635,635,user635,pass635,cedula,635,femenino,email635,bogota,635,0,0
628,usuario636,apellido636,636,user636,pass636,cedula,636,femenino,email636,bogota,636,0,0
629,usuario637,apellido637,637,user637,pass637,cedula,637,femenino,email637,bogota,637,0,0
630,usuario638,apellido638,638,user638,pass638,cedula,638,femenino,email638,bogota,638,0,0
631,usuario639,apellido639,639,user639,pass639,cedula,639,femenino,email639,bogota,639,0,0
632,usuario640,apellido640,640,user640,pass640,cedula,640,femenino,email640,bogota,640,0,0
633,usuario641,apellido641,641,user641,pass641,cedula,641,femenino,email641,bogota,641,0,0
634,usuario642,apellido642,642,user642,pass642,cedula,642,femenino,email642,bogota,642,0,0
635,usuario643,apellido643,643,user643,pass643,cedula,643,femenino,email643,bogota,643,0,0
636,usuario644,apellido644,644,user644,pass644,cedula,644,femenino,email644,bogota,644,0,0
637,usuario645,apellido645,645,user645,pass645,cedula,645,femenino,email645,bogota,645,0,0
638,usuario646,apellido646,646,user646,pass646,cedula,646,femenino,email646,bogota,646,0,0
639,usuario647,apellido647,647,user647,pass647,cedula,647,femenino,email647,bogota,647,0,0
640,usuario648,apellido648,648,user648,pass648,cedula,648,femenino,email648,bogota,648,0,0
641,usuario649,apellido649,649,user649,pass649,cedula,649,femenino,email649,bogota,649,0,0
642,usuario650,apellido650,650,user650,pass650,cedula,650,femenino,email650,bogota,650,0,0
643,usuario651,apellido651,651,user651,pass651,cedula,651,femenino,email651,bogota,651,0,0
644,usuario652,apellido652,652,user652,pass652,cedula,652,femenino,email652,bogota,652,0,0
645,usuario653,apellido653,653,user653,pass653,cedula,653,femenino,email653,bogota,653,0,0
646,usuario654,apellido654,654,user654,pass654,cedula,654,femenino,email654,bogota,654,0,0
647,usuario655,apellido655,655,user655,pass655,cedula,655,femenino,email655,bogota,655,0,0
648,usuario656,apellido656,656,user656,pass656,cedula,656,femenino,email656,bogota,656,0,0
649,usuario657,apellido657,657,user657,pass657,cedula,657,femenino,email657,bogota,657,0,0
650,usuario658,apellido658,658,user658,pass658,cedula,658,femenino,email658,bogota,658,0,0
651,usuario659,apellido659,659,user659,pass659,cedula,659,femenino,email659,bogota,659,0,0
652,usuario660,apellido660,660,user660,pass660,cedula,660,femenino,email660,bogota,660,0,0
653,usuario661,apellido661,661,user661,pass661,cedula,661,femenino,email661,bogota,661,0,0
654,usuario662,apellido662,662,user662,pass662,cedula,662,femenino,email662,bogota,662,0,0
655,usuario663,apellido663,663,user663,pass663,cedula,663,femenino,email663,bogota,663,0,0
656,usuario664,apellido664,664,user664,pass664,cedula,664,femenino,email664,bogota,664,0,0
657,usuario665,apellido665,665,user665,pass665,cedula,665,femenino,email665,bogota,665,0,0
658,usuario666,apellido666,666,user666,pass666,cedula,666,femenino,email666,bogota,666,0,0
659,usuario667,apellido667,667,user667,pass667,cedula,667,femenino,email667,bogota,667,0,0
660,usuario668,apellido668,668,user668,pass668,cedula,668,femenino,email668,bogota,668,0,0
661,usuario669,apellido669,669,user669,pass669,cedula,669,femenino,email669,bogota,669,0,0
662,usuario670,apellido670,670,user670,pass670,cedula,670,femenino,email670,bogota,670,0,0
663,usuario671,apellido671,671,user671,pass671,cedula,671,femenino,email671,bogota,671,0,0
664,usuario672,apellido672,672,user672,pass672,cedula,672,femenino,email672,bogota,672,0,0
665,usuario673,apellido673,673,user673,pass673,cedula,673,femenino,email673,bogota,673,0,0
666,usuario674,apellido674,674,user674,pass674,cedula,674,femenino,email674,bogota,674,0,0
667,usuario675,apellido675,675,user675,pass675,cedula,675,femenino,email675,bogota,675,0,0
668,usuario676,apellido676,676,user676,pass676,cedula,676,femenino,email676,bogota,676,0,0
669,usuario677,apellido677,677,user677,pass677,cedula,677,femenino,email677,bogota,677,0,0
670,usuario678,apellido678,678,user678,pass678,cedula,678,femenino,email678,bogota,678,0,0
671,usuario679,apellido679,679,user679,pass679,cedula,679,femenino,email679,bogota,679,0,0
672,usuario680,apellido680,680,user680,pass680,cedula,680,femenino,email680,bogota,680,0,0
673,usuario681,apellido681,681,user681,pass681,cedula,681,femenino,email681,bogota,681,0,0
674,usuario682,apellido682,682,user682,pass682,cedula,682,femenino,email682,bogota,682,0,0
675,usuario683,apellido683,683,user683,pass683,cedula,683,femenino,email683,bogota,683,0,0
676,usuario684,apellido684,684,user684,pass684,cedula,684,femenino,email684,bogota,684,0,0
677,usuario685,apellido685,685,user685,pass685,cedula,685,femenino,email685,bogota,685,0,0
678,usuario686,apellido686,686,user686,pass686,cedula,686,femenino,email686,bogota,686,0,0
679,usuario687,apellido687,687,user687,pass687,cedula,687,femenino,email687,bogota,687,0,0
680,usuario688,apellido688,688,user688,pass688,cedula,688,femenino,email688,bogota,688,0,0
681,usuario689,apellido689,689,user689,pass689,cedula,689,femenino,email689,bogota,689,0,0
682,usuario690,apellido690,690,user690,pass690,cedula,690,femenino,email690,bogota,690,0,0
683,usuario691,apellido691,691,user691,pass691,cedula,691,femenino,email691,bogota,691,0,0
684,usuario692,apellido692,692,user692,pass692,cedula,692,femenino,email692,bogota,692,0,0
685,usuario693,apellido693,693,user693,pass693,cedula,693,femenino,email693,bogota,693,0,0
686,usuario694,apellido694,694,user694,pass694,cedula,694,femenino,email694,bogota,694,0,0
687,usuario695,apellido695,695,user695,pass695,cedula,695,femenino,email695,bogota,695,0,0
688,usuario696,apellido696,696,user696,pass696,cedula,696,femenino,email696,bogota,696,0,0
689,usuario697,apellido697,697,user697,pass697,cedula,697,femenino,email697,bogota,697,0,0
690,usuario698,apellido698,698,user698,pass698,cedula,698,femenino,email698,bogota,698,0,0
691,usuario699,apellido699,699,user699,pass699,cedula,699,femenino,email699,bogota,699,0,0
692,usuario700,apellido700,700,user700,pass700,cedula,700,femenino,email700,bogota,700,0,0
693,usuario701,apellido701,701,user701,pass701,cedula,701,femenino,email701,bogota,701,0,0
694,usuario702,apellido702,702,user702,pass702,cedula,702,femenino,email702,bogota,702,0,0
695,usuario703,apellido703,703,user703,pass703,cedula,703,femenino,email703,bogota,703,0,0
696,usuario704,apellido704,704,user704,pass704,cedula,704,femenino,email704,bogota,704,0,0
697,usuario705,apellido705,705,user705,pass705,cedula,705,femenino,email705,bogota,705,0,0
698,usuario706,apellido706,706,user706,pass706,cedula,706,femenino,email706,bogota,706,0,0
699,usuario707,apellido707,707,user707,pass707,cedula,707,femenino,email707,bogota,707,0,0
700,usuario708,apellido708,708,user708,pass708,cedula,708,femenino,email708,bogota,708,0,0
701,usuario709,apellido709,709,user709,pass709,cedula,709,femenino,email709,bogota,709,0,0
702,usuario710,apellido710,710,user710,pass710,cedula,710,femenino,email710,bogota,710,0,0
703,usuario711,apellido711,711,user711,pass711,cedula,711,femenino,email711,bogota,711,0,0
704,usuario712,apellido712,712,user712,pass712,cedula,712,femenino,email712,bogota,712,0,0
705,usuario713,apellido713,713,user713,pass713,cedula,713,femenino,email713,bogota,713,0,0
706,usuario714,apellido714,714,user714,pass714,cedula,714,femenino,email714,bogota,714,0,0
707,usuario715,apellido715,715,user715,pass715,cedula,715,femenino,email715,bogota,715,0,0
708,usuario716,apellido716,716,user716,pass716,cedula,716,femenino,email716,bogota,716,0,0
709,usuario717,apellido717,717,user717,pass717,cedula,717,femenino,email717,bogota,717,0,0
710,usuario718,apellido718,718,user718,pass718,cedula,718,femenino,email718,bogota,718,0,0
711,usuario719,apellido719,719,user719,pass719,cedula,719,femenino,email719,bogota,719,0,0
712,usuario720,apellido720,720,user720,pass720,cedula,720,femenino,email720,bogota,720,0,0
713,usuario721,apellido721,721,user721,pass721,cedula,721,femenino,email721,bogota,721,0,0
714,usuario722,apellido722,722,user722,pass722,cedula,722,femenino,email722,bogota,722,0,0
715,usuario723,apellido723,723,user723,pass723,cedula,723,femenino,email723,bogota,723,0,0
716,usuario724,apellido724,724,user724,pass724,cedula,724,femenino,email724,bogota,724,0,0
717,usuario725,apellido725,725,user725,pass725,cedula,725,femenino,email725,bogota,725,0,0
718,usuario726,apellido726,726,user726,pass726,cedula,726,femenino,email726,bogota,726,0,0
719,usuario727,apellido727,727,user727,pass727,cedula,727,femenino,email727,bogota,727,0,0
720,usuario728,apellido728,728,user728,pass728,cedula,728,femenino,email728,bogota,728,0,0
721,usuario729,apellido729,729,user729,pass729,cedula,729,femenino,email729,bogota,729,0,0
722,usuario730,apellido730,730,user730,pass730,cedula,730,femenino,email730,bogota,730,0,0
723,usuario731,apellido731,731,user731,pass731,cedula,731,femenino,email731,bogota,731,0,0
724,usuario732,apellido732,732,user732,pass732,cedula,732,femenino,email732,bogota,732,0,0
725,usuario733,apellido733,733,user733,pass733,cedula,733,femenino,email733,bogota,733,0,0
726,usuario734,apellido734,734,user734,pass734,cedula,734,femenino,email734,bogota,734,0,0
727,usuario735,apellido735,735,user735,pass735,cedula,735,femenino,email735,bogota,735,0,0
728,usuario736,apellido736,736,user736,pass736,cedula,736,femenino,email736,bogota,736,0,0
729,usuario737,apellido737,737,user737,pass737,cedula,737,femenino,email737,bogota,737,0,0
730,usuario738,apellido738,738,user738,pass738,cedula,738,femenino,email738,bogota,738,0,0
731,usuario739,apellido739,739,user739,pass739,cedula,739,femenino,email739,bogota,739,0,0
732,usuario740,apellido740,740,user740,pass740,cedula,740,femenino,email740,bogota,740,0,0
733,usuario741,apellido741,741,user741,pass741,cedula,741,femenino,email741,bogota,741,0,0
734,usuario742,apellido742,742,user742,pass742,cedula,742,femenino,email742,bogota,742,0,0
735,usuario743,apellido743,743,user743,pass743,cedula,743,femenino,email743,bogota,743,0,0
736,usuario744,apellido744,744,user744,pass744,cedula,744,femenino,email744,bogota,744,0,0
737,usuario745,apellido745,745,user745,pass745,cedula,745,femenino,email745,bogota,745,0,0
738,usuario746,apellido746,746,user746,pass746,cedula,746,femenino,email746,bogota,746,0,0
739,usuario747,apellido747,747,user747,pass747,cedula,747,femenino,email747,bogota,747,0,0
740,usuario748,apellido748,748,user748,pass748,cedula,748,femenino,email748,bogota,748,0,0
741,usuario749,apellido749,749,user749,pass749,cedula,749,femenino,email749,bogota,749,0,0
742,usuario750,apellido750,750,user750,pass750,cedula,750,femenino,email750,bogota,750,0,0
743,usuario751,apellido751,751,user751,pass751,cedula,751,femenino,email751,bogota,751,0,0
744,usuario752,apellido752,752,user752,pass752,cedula,752,femenino,email752,bogota,752,0,0
745,usuario753,apellido753,753,user753,pass753,cedula,753,femenino,email753,bogota,753,0,0
746,usuario754,apellido754,754,user754,pass754,cedula,754,femenino,email754,bogota,754,0,0
747,usuario755,apellido755,755,user755,pass755,cedula,755,femenino,email755,bogota,755,0,0
748,usuario756,apellido756,756,user756,pass756,cedula,756,femenino,email756,bogota,756,0,0
749,usuario757,apellido757,757,user757,pass757,cedula,757,femenino,email757,bogota,757,0,0
750,usuario758,apellido758,758,user758,pass758,cedula,758,femenino,email758,bogota,758,0,0
751,usuario759,apellido759,759,user759,pass759,cedula,759,femenino,email759,bogota,759,0,0
752,usuario760,apellido760,760,user760,pass760,cedula,760,femenino,email760,bogota,760,0,0
753,usuario761,apellido761,761,user761,pass761,cedula,761,femenino,email761,bogota,761,0,0
754,usuario762,apellido762,762,user762,pass762,cedula,762,femenino,email762,bogota,762,0,0
755,usuario763,apellido763,763,user763,pass763,cedula,763,femenino,email763,bogota,763,0,0
756,usuario764,apellido764,764,user764,pass764,cedula,764,femenino,email764,bogota,764,0,0
757,usuario765,apellido765,765,user765,pass765,cedula,765,femenino,email765,bogota,765,0,0
758,usuario766,apellido766,766,user766,pass766,cedula,766,femenino,email766,bogota,766,0,0
759,usuario767,apellido767,767,user767,pass767,cedula,767,femenino,email767,bogota,767,0,0
760,usuario768,apellido768,768,user768,pass768,cedula,768,femenino,email768,bogota,768,0,0
761,usuario769,apellido769,769,user769,pass769,cedula,769,femenino,email769,bogota,769,0,0
762,usuario770,apellido770,770,user770,pass770,cedula,770,femenino,email770,bogota,770,0,0
763,usuario771,apellido771,771,user771,pass771,cedula,771,femenino,email771,bogota,771,0,0
764,usuario772,apellido772,772,user772,pass772,cedula,772,femenino,email772,bogota,772,0,0
765,usuario773,apellido773,773,user773,pass773,cedula,773,femenino,email773,bogota,773,0,0
766,usuario774,apellido774,774,user774,pass774,cedula,774,femenino,email774,bogota,774,0,0
767,usuario775,apellido775,775,user775,pass775,cedula,775,femenino,email775,bogota,775,0,0
768,usuario776,apellido776,776,user776,pass776,cedula,776,femenino,email776,bogota,776,0,0
769,usuario777,apellido777,777,user777,pass777,cedula,777,femenino,email777,bogota,777,0,0
770,usuario778,apellido778,778,user778,pass778,cedula,778,femenino,email778,bogota,778,0,0
771,usuario779,apellido779,779,user779,pass779,cedula,779,femenino,email779,bogota,779,0,0
772,usuario780,apellido780,780,user780,pass780,cedula,780,femenino,email780,bogota,780,0,0
773,usuario781,apellido781,781,user781,pass781,cedula,781,femenino,email781,bogota,781,0,0
774,usuario782,apellido782,782,user782,pass782,cedula,782,femenino,email782,bogota,782,0,0
775,usuario783,apellido783,783,user783,pass783,cedula,783,femenino,email783,bogota,783,0,0
776,usuario784,apellido784,784,user784,pass784,cedula,784,femenino,email784,bogota,784,0,0
777,usuario785,apellido785,785,user785,pass785,cedula,785,femenino,email785,bogota,785,0,0
778,usuario786,apellido786,786,user786,pass786,cedula,786,femenino,email786,bogota,786,0,0
779,usuario787,apellido787,787,user787,pass787,cedula,787,femenino,email787,bogota,787,0,0
780,usuario788,apellido788,788,user788,pass788,cedula,788,femenino,email788,bogota,788,0,0
781,usuario789,apellido789,789,user789,pass789,cedula,789,femenino,email789,bogota,789,0,0
782,usuario790,apellido790,790,user790,pass790,cedula,790,femenino,email790,bogota,790,0,0
783,usuario791,apellido791,791,user791,pass791,cedula,791,femenino,email791,bogota,791,0,0
784,usuario792,apellido792,792,user792,pass792,cedula,792,femenino,email792,bogota,792,0,0
785,usuario793,apellido793,793,user793,pass793,cedula,793,femenino,email793,bogota,793,0,0
786,usuario794,apellido794,794,user794,pass794,cedula,794,femenino,email794,bogota,794,0,0
787,usuario795,apellido795,795,user795,pass795,cedula,795,femenino,email795,bogota,795,0,0
788,usuario796,apellido796,796,user796,pass796,cedula,796,femenino,email796,bogota,796,0,0
789,usuario797,apellido797,797,user797,pass797,cedula,797,femenino,email797,bogota,797,0,0
790,usuario798,apellido798,798,user798,pass798,cedula,798,femenino,email798,bogota,798,0,0
791,usuario799,apellido799,799,user799,pass799,cedula,799,femenino,email799,bogota,799,0,0
792,usuario800,apellido800,800,user800,pass800,cedula,800,femenino,email800,bogota,800,0,0
793,usuario801,apellido801,801,user801,pass801,cedula,801,femenino,email801,bogota,801,0,0
794,usuario802,apellido802,802,user802,pass802,cedula,802,femenino,email802,bogota,802,0,0
795,usuario803,apellido803,803,user803,pass803,cedula,803,femenino,email803,bogota,803,0,0
796,usuario804,apellido804,804,user804,pass804,cedula,804,femenino,email804,bogota,804,0,0
797,usuario805,apellido805,805,user805,pass805,cedula,805,femenino,email805,bogota,805,0,0
798,usuario806,apellido806,806,user806,pass806,cedula,806,femenino,email806,bogota,806,0,0
799,usuario807,apellido807,807,user807,pass807,cedula,807,femenino,email807,bogota,807,0,0
800,usuario808,apellido808,808,user808,pass808,cedula,808,femenino,email808,bogota,808,0,0
801,usuario809,apellido809,809,user809,pass809,cedula,809,femenino,email809,bogota,809,0,0
802,usuario810,apellido810,810,user810,pass810,cedula,810,femenino,email810,bogota,810,0,0
803,usuario811,apellido811,811,user811,pass811,cedula,811,femenino,email811,bogota,811,0,0
804,usuario812,apellido812,812,user812,pass812,cedula,812,femenino,email812,bogota,812,0,0
805,usuario813,apellido813,813,user813,pass813,cedula,813,femenino,email813,bogota,813,0,0
806,usuario814,apellido814,814,user814,pass814,cedula,814,femenino,email814,bogota,814,0,0
807,usuario815,apellido815,815,user815,pass815,cedula,815,femenino,email815,bogota,815,0,0
808,usuario816,apellido816,816,user816,pass816,cedula,816,femenino,email816,bogota,816,0,0
809,usuario817,apellido817,817,user817,pass817,cedula,817,femenino,email817,bogota,817,0,0
810,usuario818,apellido818,818,user818,pass818,cedula,818,femenino,email818,bogota,818,0,0
811,usuario819,apellido819,819,user819,pass819,cedula,819,femenino,email819,bogota,819,0,0
812,usuario820,apellido820,820,user820,pass820,cedula,820,femenino,email820,bogota,820,0,0
813,usuario821,apellido821,821,user821,pass821,cedula,821,femenino,email821,bogota,821,0,0
814,usuario822,apellido822,822,user822,pass822,cedula,822,femenino,email822,bogota,822,0,0
815,usuario823,apellido823,823,user823,pass823,cedula,823,femenino,email823,bogota,823,0,0
816,usuario824,apellido824,824,user824,pass824,cedula,824,femenino,email824,bogota,824,0,0
817,usuario825,apellido825,825,user825,pass825,cedula,825,femenino,email825,bogota,825,0,0
818,usuario826,apellido826,826,user826,pass826,cedula,826,femenino,email826,bogota,826,0,0
819,usuario827,apellido827,827,user827,pass827,cedula,827,femenino,email827,bogota,827,0,0
820,usuario828,apellido828,828,user828,pass828,cedula,828,femenino,email828,bogota,828,0,0
821,usuario829,apellido829,829,user829,pass829,cedula,829,femenino,email829,bogota,829,0,0
822,usuario830,apellido830,830,user830,pass830,cedula,830,femenino,email830,bogota,830,0,0
823,usuario831,apellido831,831,user831,pass831,cedula,831,femenino,email831,bogota,831,0,0
824,usuario832,apellido832,832,user832,pass832,cedula,832,femenino,email832,bogota,832,0,0
825,usuario833,apellido833,833,user833,pass833,cedula,833,femenino,email833,bogota,833,0,0
826,usuario834,apellido834,834,user834,pass834,cedula,834,femenino,email834,bogota,834,0,0
827,usuario835,apellido835,835,user835,pass835,cedula,835,femenino,email835,bogota,835,0,0
828,usuario836,apellido836,836,user836,pass836,cedula,836,femenino,email836,bogota,836,0,0
829,usuario837,apellido837,837,user837,pass837,cedula,837,femenino,email837,bogota,837,0,0
830,usuario838,apellido838,838,user838,pass838,cedula,838,femenino,email838,bogota,838,0,0
831,usuario839,apellido839,839,user839,pass839,cedula,839,femenino,email839,bogota,839,0,0
832,usuario840,apellido840,840,user840,pass840,cedula,840,femenino,email840,bogota,840,0,0
833,usuario841,apellido841,841,user841,pass841,cedula,841,femenino,email841,bogota,841,0,0
834,usuario842,apellido842,842,user842,pass842,cedula,842,femenino,email842,bogota,842,0,0
835,usuario843,apellido843,843,user843,pass843,cedula,843,femenino,email843,bogota,843,0,0
836,usuario844,apellido844,844,user844,pass844,cedula,844,femenino,email844,bogota,844,0,0
837,usuario845,apellido845,845,user845,pass845,cedula,845,femenino,email845,bogota,845,0,0
838,usuario846,apellido846,846,user846,pass846,cedula,846,femenino,email846,bogota,846,0,0
839,usuario847,apellido847,847,user847,pass847,cedula,847,femenino,email847,bogota,847,0,0
840,usuario848,apellido848,848,user848,pass848,cedula,848,femenino,email848,bogota,848,0,0
841,usuario849,apellido849,849,user849,pass849,cedula,849,femenino,email849,bogota,849,0,0
842,usuario850,apellido850,850,user850,pass850,cedula,850,femenino,email850,bogota,850,0,0
843,usuario851,apellido851,851,user851,pass851,cedula,851,femenino,email851,bogota,851,0,0
844,usuario852,apellido852,852,user852,pass852,cedula,852,femenino,email852,bogota,852,0,0
845,usuario853,apellido853,853,user853,pass853,cedula,853,femenino,email853,bogota,853,0,0
846,usuario854,apellido854,854,user854,pass854,cedula,854,femenino,email854,bogota,854,0,0
847,usuario855,apellido855,855,user855,pass855,cedula,855,femenino,email855,bogota,855,0,0
848,usuario856,apellido856,856,user856,pass856,cedula,856,femenino,email856,bogota,856,0,0
849,usuario857,apellido857,857,user857,pass857,cedula,857,femenino,email857,bogota,857,0,0
850,usuario858,apellido858,858,user858,pass858,cedula,858,femenino,email858,bogota,858,0,0
851,usuario859,apellido859,859,user859,pass859,cedula,859,femenino,email859,bogota,859,0,0
852,usuario860,apellido860,860,user860,pass860,cedula,860,femenino,email860,bogota,860,0,0
853,usuario861,apellido861,861,user861,pass861,cedula,861,femenino,email861,bogota,861,0,0
854,usuario862,apellido862,862,user862,pass862,cedula,862,femenino,email862,bogota,862,0,0
855,usuario863,apellido863,863,user863,pass863,cedula,863,femenino,email863,bogota,863,0,0
856,usuario864,apellido864,864,user864,pass864,cedula,864,femenino,email864,bogota,864,0,0
857,usuario865,apellido865,865,user865,pass865,cedula,865,femenino,email865,bogota,865,0,0
858,usuario866,apellido866,866,user866,pass866,cedula,866,femenino,email866,bogota,866,0,0
859,usuario867,apellido867,867,user867,pass867,cedula,867,femenino,email867,bogota,867,0,0
860,usuario868,apellido868,868,user868,pass868,cedula,868,femenino,email868,bogota,868,0,0
861,usuario869,apellido869,869,user869,pass869,cedula,869,femenino,email869,bogota,869,0,0
862,usuario870,apellido870,870,user870,pass870,cedula,870,femenino,email870,bogota,870,0,0
863,usuario871,apellido871,871,user871,pass871,cedula,871,femenino,email871,bogota,871,0,0
864,usuario872,apellido872,872,user872,pass872,cedula,872,femenino,email872,bogota,872,0,0
865,usuario873,apellido873,873,user873,pass873,cedula,873,femenino,email873,bogota,873,0,0
866,usuario874,apellido874,874,user874,pass874,cedula,874,femenino,email874,bogota,874,0,0
867,usuario875,apellido875,875,user875,pass875,cedula,875,femenino,email875,bogota,875,0,0
868,usuario876,apellido876,876,user876,pass876,cedula,876,femenino,email876,bogota,876,0,0
869,usuario877,apellido877,877,user877,pass877,cedula,877,femenino,email877,bogota,877,0,0
870,usuario878,apellido878,878,user878,pass878,cedula,878,femenino,email878,bogota,878,0,0
871,usuario879,apellido879,879,user879,pass879,cedula,879,femenino,email879,bogota,879,0,0
872,usuario880,apellido880,880,user880,pass880,cedula,880,femenino,email880,bogota,880,0,0
873,usuario881,apellido881,881,user881,pass881,cedula,881,femenino,email881,bogota,881,0,0
874,usuario882,apellido882,882,user882,pass882,cedula,882,femenino,email882,bogota,882,0,0
875,usuario883,apellido883,883,user883,pass883,cedula,883,femenino,email883,bogota,883,0,0
876,usuario884,apellido884,884,user884,pass884,cedula,884,femenino,email884,bogota,884,0,0
877,usuario885,apellido885,885,user885,pass885,cedula,885,femenino,email885,bogota,885,0,0
878,usuario886,apellido886,886,user886,pass886,cedula,886,femenino,email886,bogota,886,0,0
879,usuario887,apellido887,887,user887,pass887,cedula,887,femenino,email887,bogota,887,0,0
880,usuario888,apellido888,888,user888,pass888,cedula,888,femenino,email888,bogota,888,0,0
881,usuario889,apellido889,889,user889,pass889,cedula,889,femenino,email889,bogota,889,0,0
882,usuario890,apellido890,890,user890,pass890,cedula,890,femenino,email890,bogota,890,0,0
883,usuario891,apellido891,891,user891,pass891,cedula,891,femenino,email891,bogota,891,0,0
884,usuario892,apellido892,892,user892,pass892,cedula,892,femenino,email892,bogota,892,0,0
885,usuario893,apellido893,893,user893,pass893,cedula,893,femenino,email893,bogota,893,0,0
886,usuario894,apellido894,894,user894,pass894,cedula,894,femenino,email894,bogota,894,0,0
887,usuario895,apellido895,895,user895,pass895,cedula,895,femenino,email895,bogota,895,0,0
888,usuario896,apellido896,896,user896,pass896,cedula,896,femenino,email896,bogota,896,0,0
889,usuario897,apellido897,897,user897,pass897,cedula,897,femenino,email897,bogota,897,0,0
890,usuario898,apellido898,898,user898,pass898,cedula,898,femenino,email898,bogota,898,0,0
891,usuario899,apellido899,899,user899,pass899,cedula,899,femenino,email899,bogota,899,0,0
892,usuario900,apellido900,900,user900,pass900,cedula,900,femenino,email900,bogota,900,0,0
893,usuario901,apellido901,901,user901,pass901,cedula,901,femenino,email901,bogota,901,0,0
894,usuario902,apellido902,902,user902,pass902,cedula,902,femenino,email902,bogota,902,0,0
895,usuario903,apellido903,903,user903,pass903,cedula,903,femenino,email903,bogota,903,0,0
896,usuario904,apellido904,904,user904,pass904,cedula,904,femenino,email904,bogota,904,0,0
897,usuario905,apellido905,905,user905,pass905,cedula,905,femenino,email905,bogota,905,0,0
898,usuario906,apellido906,906,user906,pass906,cedula,906,femenino,email906,bogota,906,0,0
899,usuario907,apellido907,907,user907,pass907,cedula,907,femenino,email907,bogota,907,0,0
900,usuario908,apellido908,908,user908,pass908,cedula,908,femenino,email908,bogota,908,0,0
901,usuario909,apellido909,909,user909,pass909,cedula,909,femenino,email909,bogota,909,0,0
902,usuario910,apellido910,910,user910,pass910,cedula,910,femenino,email910,bogota,910,0,0
903,usuario911,apellido911,911,user911,pass911,cedula,911,femenino,email911,bogota,911,0,0
904,usuario912,apellido912,912,user912,pass912,cedula,912,femenino,email912,bogota,912,0,0
905,usuario913,apellido913,913,user913,pass913,cedula,913,femenino,email913,bogota,913,0,0
906,usuario914,apellido914,914,user914,pass914,cedula,914,femenino,email914,bogota,914,0,0
907,usuario915,apellido915,915,user915,pass915,cedula,915,femenino,email915,bogota,915,0,0
908,usuario916,apellido916,916,user916,pass916,cedula,916,femenino,email916,bogota,916,0,0
909,usuario917,apellido917,917,user917,pass917,cedula,917,femenino,email917,bogota,917,0,0
910,usuario918,apellido918,918,user918,pass918,cedula,918,femenino,email918,bogota,918,0,0
911,usuario919,apellido919,919,user919,pass919,cedula,919,femenino,email919,bogota,919,0,0
912,usuario920,apellido920,920,user920,pass920,cedula,920,femenino,email920,bogota,920,0,0
913,usuario921,apellido921,921,user921,pass921,cedula,921,femenino,email921,bogota,921,0,0
914,usuario922,apellido922,922,user922,pass922,cedula,922,femenino,email922,bogota,922,0,0
915,usuario923,apellido923,923,user923,pass923,cedula,923,femenino,email923,bogota,923,0,0
916,usuario924,apellido924,924,user924,pass924,cedula,924,femenino,email924,bogota,924,0,0
917,usuario925,apellido925,925,user925,pass925,cedula,925,femenino,email925,bogota,925,0,0
918,usuario926,apellido926,926,user926,pass926,cedula,926,femenino,email926,bogota,926,0,0
919,usuario927,apellido927,927,user927,pass927,cedula,927,femenino,email927,bogota,927,0,0
920,usuario928,apellido928,928,user928,pass928,cedula,928,femenino,email928,bogota,928,0,0
921,usuario929,apellido929,929,user929,pass929,cedula,929,femenino,email929,bogota,929,0,0
922,usuario930,apellido930,930,user930,pass930,cedula,930,femenino,email930,bogota,930,0,0
923,usuario931,apellido931,931,user931,pass931,cedula,931,femenino,email931,bogota,931,0,0
924,usuario932,apellido932,932,user932,pass932,cedula,932,femenino,email932,bogota,932,0,0
925,usuario933,apellido933,933,user933,pass933,cedula,933,femenino,email933,bogota,933,0,0
926,usuario934,apellido934,934,user934,pass934,cedula,934,femenino,email934,bogota,934,0,0
927,usuario935,apellido935,935,user935,pass935,cedula,935,femenino,email935,bogota,935,0,0
928,usuario936,apellido936,936,user936,pass936,cedula,936,femenino,email936,bogota,936,0,0
929,usuario937,apellido937,937,user937,pass937,cedula,937,femenino,email937,bogota,937,0,0
930,usuario938,apellido938,938,user938,pass938,cedula,938,femenino,email938,bogota,938,0,0
931,usuario939,apellido939,939,user939,pass939,cedula,939,femenino,email939,bogota,939,0,0
932,usuario940,apellido940,940,user940,pass940,cedula,940,femenino,email940,bogota,940,0,0
933,usuario941,apellido941,941,user941,pass941,cedula,941,femenino,email941,bogota,941,0,0
934,usuario942,apellido942,942,user942,pass942,cedula,942,femenino,email942,bogota,942,0,0
935,usuario943,apellido943,943,user943,pass943,cedula,943,femenino,email943,bogota,943,0,0
936,usuario944,apellido944,944,user944,pass944,cedula,944,femenino,email944,bogota,944,0,0
937,usuario945,apellido945,945,user945,pass945,cedula,945,femenino,email945,bogota,945,0,0
938,usuario946,apellido946,946,user946,pass946,cedula,946,femenino,email946,bogota,946,0,0
939,usuario947,apellido947,947,user947,pass947,cedula,947,femenino,email947,bogota,947,0,0
940,usuario948,apellido948,948,user948,pass948,cedula,948,femenino,email948,bogota,948,0,0
941,usuario949,apellido949,949,user949,pass949,cedula,949,femenino,email949,bogota,949,0,0
942,usuario950,apellido950,950,user950,pass950,cedula,950,femenino,email950,bogota,950,0,0
943,usuario951,apellido951,951,user951,pass951,cedula,951,femenino,email951,bogota,951,0,0
944,usuario952,apellido952,952,user952,pass952,cedula,952,femenino,email952,bogota,952,0,0
945,usuario953,apellido953,953,user953,pass953,cedula,953,femenino,email953,bogota,953,0,0
946,usuario954,apellido954,954,user954,pass954,cedula,954,femenino,email954,bogota,954,0,0
947,usuario955,apellido955,955,user955,pass955,cedula,955,femenino,email955,bogota,955,0,0
948,usuario956,apellido956,956,user956,pass956,cedula,956,femenino,email956,bogota,956,0,0
949,usuario957,apellido957,957,user957,pass957,cedula,957,femenino,email957,bogota,957,0,0
950,usuario958,apellido958,958,user958,pass958,cedula,958,femenino,email958,bogota,958,0,0
951,usuario959,apellido959,959,user959,pass959,cedula,959,femenino,email959,bogota,959,0,0
952,usuario960,apellido960,960,user960,pass960,cedula,960,femenino,email960,bogota,960,0,0
953,usuario961,apellido961,961,user961,pass961,cedula,961,femenino,email961,bogota,961,0,0
954,usuario962,apellido962,962,user962,pass962,cedula,962,femenino,email962,bogota,962,0,0
955,usuario963,apellido963,963,user963,pass963,cedula,963,femenino,email963,bogota,963,0,0
956,usuario964,apellido964,964,user964,pass964,cedula,964,femenino,email964,bogota,964,0,0
957,usuario965,apellido965,965,user965,pass965,cedula,965,femenino,email965,bogota,965,0,0
958,usuario966,apellido966,966,user966,pass966,cedula,966,femenino,email966,bogota,966,0,0
959,usuario967,apellido967,967,user967,pass967,cedula,967,femenino,email967,bogota,967,0,0
960,usuario968,apellido968,968,user968,pass968,cedula,968,femenino,email968,bogota,968,0,0
961,usuario969,apellido969,969,user969,pass969,cedula,969,femenino,email969,bogota,969,0,0
962,usuario970,apellido970,970,user970,pass970,cedula,970,femenino,email970,bogota,970,0,0
963,usuario971,apellido971,971,user971,pass971,cedula,971,femenino,email971,bogota,971,0,0
964,usuario972,apellido972,972,user972,pass972,cedula,972,femenino,email972,bogota,972,0,0
965,usuario973,apellido973,973,user973,pass973,cedula,973,femenino,email973,bogota,973,0,0
966,usuario974,apellido974,974,user974,pass974,cedula,974,femenino,email974,bogota,974,0,0
967,usuario975,apellido975,975,user975,pass975,cedula,975,femenino,email975,bogota,975,0,0
968,usuario976,apellido976,976,user976,pass976,cedula,976,femenino,email976,bogota,976,0,0
969,usuario977,apellido977,977,user977,pass977,cedula,977,femenino,email977,bogota,977,0,0
970,usuario978,apellido978,978,user978,pass978,cedula,978,femenino,email978,bogota,978,0,0
971,usuario979,apellido979,979,user979,pass979,cedula,979,femenino,email979,bogota,979,0,0
972,usuario980,apellido980,980,user980,pass980,cedula,980,femenino,email980,bogota,980,0,0
973,usuario981,apellido981,981,user981,pass981,cedula,981,femenino,email981,bogota,981,0,0
974,usuario982,apellido982,982,user982,pass982,cedula,982,femenino,email982,bogota,982,0,0
975,usuario983,apellido983,983,user983,pass983,cedula,983,femenino,email983,bogota,983,0,0
976,usuario984,apellido984,984,user984,pass984,cedula,984,femenino,email984,bogota,984,0,0
977,usuario985,apellido985,985,user985,pass985,cedula,985,femenino,email985,bogota,985,0,0
978,usuario986,apellido986,986,user986,pass986,cedula,986,femenino,email986,bogota,986,0,0
979,usuario987,apellido987,987,user987,pass987,cedula,987,femenino,email987,bogota,987,0,0
980,usuario988,apellido988,988,user988,pass988,cedula,988,femenino,email988,bogota,988,0,0
981,usuario989,apellido989,989,user989,pass989,cedula,989,femenino,email989,bogota,989,0,0
982,usuario990,apellido990,990,user990,pass990,cedula,990,femenino,email990,bogota,990,0,0
983,usuario991,apellido991,991,user991,pass991,cedula,991,femenino,email991,bogota,991,0,0
984,usuario992,apellido992,992,user992,pass992,cedula,992,femenino,email992,bogota,992,0,0
985,usuario993,apellido993,993,user993,pass993,cedula,993,femenino,email993,bogota,993,0,0
986,usuario994,apellido994,994,user994,pass994,cedula,994,femenino,email994,bogota,994,0,0
987,usuario995,apellido995,995,user995,pass995,cedula,995,femenino,email995,bogota,995,0,0
988,usuario996,apellido996,996,user996,pass996,cedula,996,femenino,email996,bogota,996,0,0
989,usuario997,apellido997,997,user997,pass997,cedula,997,femenino,email997,bogota,997,0,0
990,usuario998,apellido998,998,user998,pass998,cedula,998,femenino,email998,bogota,998,0,0
991,usuario999,apellido999,999,user999,pass999,cedula,999,femenino,email999,bogota,999,0,0
